school,record,player_name,position,height,hometown,class_year,source_url
California,,1 Riley Clansen,,6-2,"Santa Ana, Calif.",R-So.,https://calbears.com/sports/mens-water-polo/roster
California,,1 James Peace III,,6-6,Los Angeles,R-Fr.,https://calbears.com/sports/mens-water-polo/roster
California,,1 Aran Pina,,,,Fr.,https://calbears.com/sports/mens-water-polo/roster
California,,2 Tomas Perrone,,,"Barcelona, Spain",Fr.,https://calbears.com/sports/mens-water-polo/roster
California,,3 Kai Inoue,,5-10,"Huntington Beach, Calif.",Fr.,https://calbears.com/sports/mens-water-polo/roster
California,,4 Maddox Arlett,,6-5,Laguna Hills,So.,https://calbears.com/sports/mens-water-polo/roster
California,,5 Dominic Brown,,6-6,"Concord, Calif.",R-So.,https://calbears.com/sports/mens-water-polo/roster
California,,6 Chase Wilson,,6-1,"New York, N.Y.",Jr.,https://calbears.com/sports/mens-water-polo/roster
California,,7 Albert Ponferrada,,6-4,"Barcelona, Spain",Sr.,https://calbears.com/sports/mens-water-polo/roster
California,,8 Beso Akhvlediani,,,"Tbilisi, Georgia",Fr.,https://calbears.com/sports/mens-water-polo/roster
California,,9 Milan Sumich,,6-7,,Fr.,https://calbears.com/sports/mens-water-polo/roster
California,,10 Loui Schuler,,,,Gr.,https://calbears.com/sports/mens-water-polo/roster
California,,11 Alex Oprea,,6-4,"Downey, Calif.",So.,https://calbears.com/sports/mens-water-polo/roster
California,,12 Marci Szatmary,,6-2,"San Diego, Calif.",Sr.,https://calbears.com/sports/mens-water-polo/roster
California,,13 Patrik Kolak,,6-2,"Dubrovnik, Croatia",So.,https://calbears.com/sports/mens-water-polo/roster
California,,14 Brennan Fuchslin,,6-2,"Dixon, Calif.",So.,https://calbears.com/sports/mens-water-polo/roster
California,,15 Nik Mirkovic,,6-3,"Irvine, Calif.",Sr.,https://calbears.com/sports/mens-water-polo/roster
California,,16 Gigo Sarimsakci,,6-5,"San Francisco, Calif.",Fr.,https://calbears.com/sports/mens-water-polo/roster
California,,17 Ryder Hagan,,6-5,"Danville, Calif.",R-Jr.,https://calbears.com/sports/mens-water-polo/roster
California,,19 Patrick Stice,,6-5,"Orinda, Calif.",Fr.,https://calbears.com/sports/mens-water-polo/roster
California,,20 Luke Bachler,,6-4,"Woodside, Calif.",Jr.,https://calbears.com/sports/mens-water-polo/roster
California,,21 Bende Pardi,,6-4,"Budapest, Hungary",R-Sr.,https://calbears.com/sports/mens-water-polo/roster
California,,22 Seth Bousfield,,6-8,"Granite Bay, Calif.",R-Fr.,https://calbears.com/sports/mens-water-polo/roster
California,,25 William Kelly,,6-3,"Laguna Beach, Calif.",Sr.,https://calbears.com/sports/mens-water-polo/roster
Fordham,,1 Kristof Magony,,6-0,"Szeged, Hungary",So.,https://fordhamsports.com/sports/mens-water-polo/roster
Fordham,,1A Matthew Bonello DuPuis,,6-3,"Sliema, Malta",Gr.,https://fordhamsports.com/sports/mens-water-polo/roster
Fordham,,2 Balazs Berenyi,,6-4,"Budapest, Hungary",Sr.,https://fordhamsports.com/sports/mens-water-polo/roster
Fordham,,3 Andras Toth,,6-2,"Pecs, Hungary",So.,https://fordhamsports.com/sports/mens-water-polo/roster
Fordham,,4 Mark Dyck,,6-2,"Berlin, Germany",Fr.,https://fordhamsports.com/sports/mens-water-polo/roster
Fordham,,6 Kyle Thomas,,6-2,"Covina, Calif.",Gr.,https://fordhamsports.com/sports/mens-water-polo/roster
Fordham,,7 Reid Thorson,,6-6,"Lafayette, Calif.",Jr.,https://fordhamsports.com/sports/mens-water-polo/roster
Fordham,,8 Luca Silvestri,,6-3,"Napoli, Italy",Gr.,https://fordhamsports.com/sports/mens-water-polo/roster
Fordham,,9 Christopher Gray,,6-1,"Johannesburg, South Africa",Jr.,https://fordhamsports.com/sports/mens-water-polo/roster
Fordham,,10 Barnabas Eppel,,6-3,"Budapest, Hungary",Jr.,https://fordhamsports.com/sports/mens-water-polo/roster
Fordham,,11 Marco Napolitano,,6-1,"Naples, Italy",Gr.,https://fordhamsports.com/sports/mens-water-polo/roster
Fordham,,12 Csongor Bartuszek,,6-3,"Greenwich, Conn.",So.,https://fordhamsports.com/sports/mens-water-polo/roster
Fordham,,15 Diego Tresa,,6-7,"Rome, Italy",Fr.,https://fordhamsports.com/sports/mens-water-polo/roster
Fordham,,16 Charlie Martin,,5-11,"San Diego, Calif.",Fr.,https://fordhamsports.com/sports/mens-water-polo/roster
Fordham,,17 Brendan Cassidy,,6-1,"San Rafael, Calif.",Sr.,https://fordhamsports.com/sports/mens-water-polo/roster
Fordham,,18 Luca Provenziani,,6-0,"Rome, Italy",So.,https://fordhamsports.com/sports/mens-water-polo/roster
Fordham,,20 Gianni Farrugia,,6-1,"Iklin, Malta",Gr.,https://fordhamsports.com/sports/mens-water-polo/roster
Fordham,,21 Soren Jessen,,6-2,"San Rafael, Calif.",Fr.,https://fordhamsports.com/sports/mens-water-polo/roster
Fordham,,22 Alessandro Salipante,,6-3,"Brindisi, Italy",Fr.,https://fordhamsports.com/sports/mens-water-polo/roster
Fordham,,23 Sean O'Neill,,5-10,"Thousand Oaks, Calif.",So.,https://fordhamsports.com/sports/mens-water-polo/roster
UC San Diego,,1 Alex Hegeman,,6-5,"San Jose, Calif.",R-Fr.,https://ucsdtritons.com/sports/mens-water-polo/roster
UC San Diego,,1A Winston Loh,,6-2,"Fullerton, Calif.",Sr.,https://ucsdtritons.com/sports/mens-water-polo/roster
UC San Diego,,2 Landon Akerstrom,,6-5,"Costa Mesa, Calif.",Jr.,https://ucsdtritons.com/sports/mens-water-polo/roster
UC San Diego,,3 Eamon Hennessey,,6-5,"Newport Beach, Calif.",Sr.,https://ucsdtritons.com/sports/mens-water-polo/roster
UC San Diego,,4 Ante Buzov,,6-7,"Split, Croatia",Sr.,https://ucsdtritons.com/sports/mens-water-polo/roster
UC San Diego,,5 Finn Bugelli,,6-4,"La Jolla, Calif.",Jr.,https://ucsdtritons.com/sports/mens-water-polo/roster
UC San Diego,,6 Felipe Ferreira,,6-3,"Rio de Janeiro, Brazil",Gr.,https://ucsdtritons.com/sports/mens-water-polo/roster
UC San Diego,,7 Lucas Romaguera,,6-3,"Rio de Janeiro, Brazil",Sr.,https://ucsdtritons.com/sports/mens-water-polo/roster
UC San Diego,,8 Mark Laurlund,,6-4,"Alamo, Calif.",Jr.,https://ucsdtritons.com/sports/mens-water-polo/roster
UC San Diego,,9 Jaime Bhattacharyya,,6-4,"Honolulu, Hawai‘i",R-So.,https://ucsdtritons.com/sports/mens-water-polo/roster
UC San Diego,,10 Reef Lippa,,6-0,"Thousand Oaks, Calif.",R-Jr.,https://ucsdtritons.com/sports/mens-water-polo/roster
UC San Diego,,11 Luca Rago,,6-1,"Moraga, Calif.",Sr.,https://ucsdtritons.com/sports/mens-water-polo/roster
UC San Diego,,12 Bennett Axline,,6-3,"Rancho Bernardo, Calif.",Sr.,https://ucsdtritons.com/sports/mens-water-polo/roster
UC San Diego,,13 Brendon Fezzey,,6-6,"Riverside, Calif.",Sr.,https://ucsdtritons.com/sports/mens-water-polo/roster
UC San Diego,,14 Nolan Roberts,,6-1,"Redondo Beach, Calif.",Jr.,https://ucsdtritons.com/sports/mens-water-polo/roster
UC San Diego,,15 Grant Kurtz,,6-1,"Orinda, Calif.",So.,https://ucsdtritons.com/sports/mens-water-polo/roster
UC San Diego,,16 Cole Harman,,5-8,"Santee, Calif.",R-Fr.,https://ucsdtritons.com/sports/mens-water-polo/roster
UC San Diego,,17 Christian Hammonds,,6-2,"Fountain Valley, Calif.",So.,https://ucsdtritons.com/sports/mens-water-polo/roster
UC San Diego,,18 Lachlan Rossi,,6-3,"San Jose, Calif.",So.,https://ucsdtritons.com/sports/mens-water-polo/roster
UC San Diego,,19 Liam Amburgey,,6-3,"Los Gatos, Calif.",R-Fr.,https://ucsdtritons.com/sports/mens-water-polo/roster
UC San Diego,,20 Dusan Djordjevic,,6-2,"Huntington Beach, Calif.",Fr.,https://ucsdtritons.com/sports/mens-water-polo/roster
UC San Diego,,21 Jackson Boettner,,6-3,"San Jose, Calif.",Fr.,https://ucsdtritons.com/sports/mens-water-polo/roster
UC San Diego,,22 Kyson Becker,,6-3,"Newport Beach, Calif.",Fr.,https://ucsdtritons.com/sports/mens-water-polo/roster
UC San Diego,,23 Razvan Alistar,,6-3,"West Sacamento, Calif.",R-Fr.,https://ucsdtritons.com/sports/mens-water-polo/roster
UC San Diego,,24 Mason Presley,,6-3,"Dana Point, Calif.",Jr.,https://ucsdtritons.com/sports/mens-water-polo/roster
UC San Diego,,25 Davidka Skov,,6-0,"Concord, Calif.",Fr.,https://ucsdtritons.com/sports/mens-water-polo/roster
UC San Diego,,RS Caleb Harrison,,6-3,"San Diego, Calif.",Fr.,https://ucsdtritons.com/sports/mens-water-polo/roster
Pepperdine,,1 Zach Cwiertnia,,6-0,"Villa Park, Calif.",Sr.,https://pepperdinewaves.com/sports/mens-water-polo/roster
Pepperdine,,1 Jaxon Leach,,6-2,"San Diego, Calif.",So.,https://pepperdinewaves.com/sports/mens-water-polo/roster
Pepperdine,,1 Max Smirnov,,6-2,"Petah Tikva, Israel",So.,https://pepperdinewaves.com/sports/mens-water-polo/roster
Pepperdine,,2 Jon Carcarey,,6-3,"Santa Maria, Calif.",Jr.,https://pepperdinewaves.com/sports/mens-water-polo/roster
Pepperdine,,3 Sandor Gal,,6-1,"Budapest, Hungary",Sr.,https://pepperdinewaves.com/sports/mens-water-polo/roster
Pepperdine,,4 Conor Brough,,6-2,"Dana Point, Calif.",Sr.,https://pepperdinewaves.com/sports/mens-water-polo/roster
Pepperdine,,5 Dane Howell,,6-3,"Huntington Beach, Calif.",Gr.,https://pepperdinewaves.com/sports/mens-water-polo/roster
Pepperdine,,6 Cade Anderton,,6-0,"Laguna Beach, Calif.",R-Fr.,https://pepperdinewaves.com/sports/mens-water-polo/roster
Pepperdine,,7 Max Burstein,,6-2,"Oak Park, Calif.",Fr.,https://pepperdinewaves.com/sports/mens-water-polo/roster
Pepperdine,,8 Matty Walsh,,6-5,"Laguna Beach, Calif.",Gr.,https://pepperdinewaves.com/sports/mens-water-polo/roster
Pepperdine,,9 Charles Warmington,,6-1,"Newport Beach, Calif.",So.,https://pepperdinewaves.com/sports/mens-water-polo/roster
Pepperdine,,10 Csanád Bella,,6-6,"Budapest, Hungary",Fr.,https://pepperdinewaves.com/sports/mens-water-polo/roster
Pepperdine,,11 Jackson Benners,,5-10,"Dallas, Texas",R-So.,https://pepperdinewaves.com/sports/mens-water-polo/roster
Pepperdine,,13 Gabe Lewis,,6-3,"Coral Gables, Fla.",R-Fr.,https://pepperdinewaves.com/sports/mens-water-polo/roster
Pepperdine,,14 Nick Bryant,,6-3,"Newport Beach, Calif.",R-So.,https://pepperdinewaves.com/sports/mens-water-polo/roster
Pepperdine,,15 Owen Tift,,6-0,"Newport Beach, Calif.",So.,https://pepperdinewaves.com/sports/mens-water-polo/roster
Pepperdine,,16 Garrett Chivers,,6-1,"Lafayette, Calif.",Fr.,https://pepperdinewaves.com/sports/mens-water-polo/roster
Pepperdine,,17 Adam Blum,,6-1,"Greenwich, Conn.",Fr.,https://pepperdinewaves.com/sports/mens-water-polo/roster
Pepperdine,,18 Alex Piccin,,6-2,"Stamford, Conn.",Fr.,https://pepperdinewaves.com/sports/mens-water-polo/roster
Pepperdine,,19 Woden Chompff,,5-11,"El Dorado Hills, Calif.",So.,https://pepperdinewaves.com/sports/mens-water-polo/roster
Pepperdine,,21 Reed Pantaleon,,6-4,"Huntington Beach, Calif.",R-Jr.,https://pepperdinewaves.com/sports/mens-water-polo/roster
Pepperdine,,22 Erik Ionescu,,6-1,"Budapest, Hungary",So.,https://pepperdinewaves.com/sports/mens-water-polo/roster
Pepperdine,,23 Adam Csapo,,6-4,"Budapest, Hungary",Sr.,https://pepperdinewaves.com/sports/mens-water-polo/roster
Pepperdine,,24 Adam Yost,,6-1,"Los Angeles, Calif.",R-So.,https://pepperdinewaves.com/sports/mens-water-polo/roster
Pepperdine,,25 Cameron Bench,,6-1,"Poway, Calif.",Fr.,https://pepperdinewaves.com/sports/mens-water-polo/roster
Pepperdine,,28 Brian Barnuevo,,6-2,"Los Angeles, Calif.",Fr.,https://pepperdinewaves.com/sports/mens-water-polo/roster
UC Davis,,1 Baxter Chelsom,,6-5,"Los Angeles, Calif.",R-So.,https://ucdavisaggies.com/sports/mens-water-polo/roster
UC Davis,,1A Brady Simon,,6-3,"Long Beach, Calif.",R-So.,https://ucdavisaggies.com/sports/mens-water-polo/roster
UC Davis,,1B William McKeon,,6-5,"Danville, Calif.",So.,https://ucdavisaggies.com/sports/mens-water-polo/roster
UC Davis,,2 Will Stryker,,6-0,"Lafayette, Calif.",Sr.,https://ucdavisaggies.com/sports/mens-water-polo/roster
UC Davis,,3 Andrew Hitchcock,,6-8,"Morgan Hill, Calif.",R-Sr.,https://ucdavisaggies.com/sports/mens-water-polo/roster
UC Davis,,4 Brody Crouch,,6-1,"Moraga, Calif.",R-So.,https://ucdavisaggies.com/sports/mens-water-polo/roster
UC Davis,,5 Luka Palavra,,,Croatia,Fr.,https://ucdavisaggies.com/sports/mens-water-polo/roster
UC Davis,,6 Mateo Ruano,,6-2,"Sacramento, Calif.",So.,https://ucdavisaggies.com/sports/mens-water-polo/roster
UC Davis,,7 Colin Nicholls,,6-0,"Laguna Beach, Calif.",R-Sr.,https://ucdavisaggies.com/sports/mens-water-polo/roster
UC Davis,,8 Andrew Bonelli,,6-0,"Redondo Beach, Calif.",R-So.,https://ucdavisaggies.com/sports/mens-water-polo/roster
UC Davis,,9 Thomas Kiesling,,6-5,"Burlingame, Calif.",R-So.,https://ucdavisaggies.com/sports/mens-water-polo/roster
UC Davis,,10 Timothy Kerr,,5-11,"Alamo, Calif.",Jr.,https://ucdavisaggies.com/sports/mens-water-polo/roster
UC Davis,,11 Austin Quick,,,"Bellevue, Wash.",R-Fr.,https://ucdavisaggies.com/sports/mens-water-polo/roster
UC Davis,,12 Adam Ting,,6-2,"Orinda, Calif.",R-Sr.,https://ucdavisaggies.com/sports/mens-water-polo/roster
UC Davis,,13 Gabe Bensen,,,"Carlsbad, Calif.",So.,https://ucdavisaggies.com/sports/mens-water-polo/roster
UC Davis,,15 Max Prokhin,,,"Brooklyn, N.Y.",Fr.,https://ucdavisaggies.com/sports/mens-water-polo/roster
UC Davis,,16 JT Doughty,,,"Davis, Calif.",R-Fr.,https://ucdavisaggies.com/sports/mens-water-polo/roster
UC Davis,,18 Thomas Marr,,,"Long Beach, Calif.",R-Fr.,https://ucdavisaggies.com/sports/mens-water-polo/roster
UC Davis,,19 Oriol Viñas,,,Spain,Fr.,https://ucdavisaggies.com/sports/mens-water-polo/roster
UC Davis,,20 William Fosselman,,6-0,"Pasadena, Calif.",Sr.,https://ucdavisaggies.com/sports/mens-water-polo/roster
UC Davis,,21 Ned Ginoti,,6-1,"Valley Village, Calif.",R-Fr.,https://ucdavisaggies.com/sports/mens-water-polo/roster
UC Davis,,22 Colton Fine,,,"Palos Verdes, Calif.",R-Fr.,https://ucdavisaggies.com/sports/mens-water-polo/roster
UC Davis,,23 Oleg Shatskikh,,,"Irvine, Calif.",So.,https://ucdavisaggies.com/sports/mens-water-polo/roster
UC Davis,,24 Waylon Fox,,6-0,"San Clemente, Calif.",Sr.,https://ucdavisaggies.com/sports/mens-water-polo/roster
UC Davis,,Jacob Carrera,,,"San Anselmo, Calif.",Rs.,https://ucdavisaggies.com/sports/mens-water-polo/roster
UC Davis,,Jaden Joemtree,,,"Arcadia, Calif.",Rs.,https://ucdavisaggies.com/sports/mens-water-polo/roster
UC Davis,,Lyle Weitz,,,"Vancouver, B.C.",Rs.,https://ucdavisaggies.com/sports/mens-water-polo/roster
UC Davis,,Oliver Wilmink,,,"Paradise Valley, Ariz.",Rs.,https://ucdavisaggies.com/sports/mens-water-polo/roster
UC Davis,,Cassius Wolf,,6-4,"Soquel, Calif.",Rs.,https://ucdavisaggies.com/sports/mens-water-polo/roster
UC Irvine,,1 Nico Assalian,,6-6,"Ladera Ranch, Calif.",Fr.,https://ucirvinesports.com/sports/mens-water-polo/roster
UC Irvine,,1 Blake Borders,,6-6,"Lakewood, Calif.",R-Jr.,https://ucirvinesports.com/sports/mens-water-polo/roster
UC Irvine,,1 Nolan Cary,,6-3,"Redondo Beach, Calif.",R-So.,https://ucirvinesports.com/sports/mens-water-polo/roster
UC Irvine,,1 Zayd Mahmoud,,6-2,"Sunnyvale, Calif.",Sr.,https://ucirvinesports.com/sports/mens-water-polo/roster
UC Irvine,,1 Vincent Vega,,6-3,"La Jolla, Calif.",R-Fr.,https://ucirvinesports.com/sports/mens-water-polo/roster
UC Irvine,,2 Alex Lopez,,6-3,"Rancho Cucamonga, Calif.",Jr.,https://ucirvinesports.com/sports/mens-water-polo/roster
UC Irvine,,3 Samuel Otta,,6-2,"Fresno, Calif.",R-Sr.,https://ucirvinesports.com/sports/mens-water-polo/roster
UC Irvine,,4 Wyley Dale,,6-8,"Carmel, Calif.",Jr.,https://ucirvinesports.com/sports/mens-water-polo/roster
UC Irvine,,5 Cole Francisco,,6-3,"Long Beach, Calif.",So.,https://ucirvinesports.com/sports/mens-water-polo/roster
UC Irvine,,6 Jasper Dale,,6-6,"Carmel, Calif.",Sr.,https://ucirvinesports.com/sports/mens-water-polo/roster
UC Irvine,,7 Jackson Matos,,6-2,"Tustin, Calif.",R-Jr.,https://ucirvinesports.com/sports/mens-water-polo/roster
UC Irvine,,8 Brody Luke,,6-2,"Buellton, Calif.",R-So.,https://ucirvinesports.com/sports/mens-water-polo/roster
UC Irvine,,9 Ethan Spoon,,6-1,"Fountain Valley, Calif.",So.,https://ucirvinesports.com/sports/mens-water-polo/roster
UC Irvine,,10 Luka Krstic,,6-7,"Belgrade, Serbia",Sr.,https://ucirvinesports.com/sports/mens-water-polo/roster
UC Irvine,,11 Gage Verdegaal,,6-2,"Hanford, Calif.",Jr.,https://ucirvinesports.com/sports/mens-water-polo/roster
UC Irvine,,12 Jack Stevens,,6-4,"Trabuco Canyon, Calif.",Sr.,https://ucirvinesports.com/sports/mens-water-polo/roster
UC Irvine,,13 Johann Thrall,,5-11,"Lake Forest, Calif.",Jr.,https://ucirvinesports.com/sports/mens-water-polo/roster
UC Irvine,,14 Samuel Bowman,,6-3,"Irvine, Calif.",Fr.,https://ucirvinesports.com/sports/mens-water-polo/roster
UC Irvine,,15 Keegan McGann,,6-4,"Mission Viejo, Calif.",So.,https://ucirvinesports.com/sports/mens-water-polo/roster
UC Irvine,,16 Tyler Laymon,,6-2,"Livermore, Calif.",Jr.,https://ucirvinesports.com/sports/mens-water-polo/roster
UC Irvine,,17 Maddox McEwen,,6-3,"Manhattan Beach, Calif.",So.,https://ucirvinesports.com/sports/mens-water-polo/roster
UC Irvine,,18 Dylan Rosmann,,6-3,"Irvine, Calif.",Fr.,https://ucirvinesports.com/sports/mens-water-polo/roster
UC Irvine,,19 Charlie Jones,,6-4,"Huntington Beach, Calif.",Fr.,https://ucirvinesports.com/sports/mens-water-polo/roster
UC Irvine,,20 Ben Youngblood,,6-2,"Rancho Santa Margarita, Calif.",R-So.,https://ucirvinesports.com/sports/mens-water-polo/roster
UC Irvine,,21 Ben Atkinson,,6-6,"Old Greenwich, Conn.",Fr.,https://ucirvinesports.com/sports/mens-water-polo/roster
UC Irvine,,23 Jayson Hubbard,,6-3,"Danville, Calif.",So.,https://ucirvinesports.com/sports/mens-water-polo/roster
UC Irvine,,24 Andrew Bockstahler,,6-5,"San Diego, Calif.",Fr.,https://ucirvinesports.com/sports/mens-water-polo/roster
Loyola Marymount,,1 Finn Friedland,,6-2,"Mercer Island, WA",Sr.,https://lmulions.com/sports/mens-water-polo/roster
Loyola Marymount,,1A Travers Clark,,6-4,"Los Angeles, CA",So.,https://lmulions.com/sports/mens-water-polo/roster
Loyola Marymount,,1B Adrien Ramirez,,6-4,"Fremont, CA",Fr.,https://lmulions.com/sports/mens-water-polo/roster
Loyola Marymount,,1C Roberto Barrera Sanchez,,6-2,"Guanajuato, Mexico",Gr.,https://lmulions.com/sports/mens-water-polo/roster
Loyola Marymount,,2 Jonah Allan,,6-1,"Melbourne, Australia",So.,https://lmulions.com/sports/mens-water-polo/roster
Loyola Marymount,,3 Richie Rimlinger,,6-4,"Newport Beach, CA",Sr.,https://lmulions.com/sports/mens-water-polo/roster
Loyola Marymount,,4 Nick Leung,,6-1,"La Palma, CA",Jr.,https://lmulions.com/sports/mens-water-polo/roster
Loyola Marymount,,5 Alika Naone,,6-1,"Honolulu, HI",Gr.,https://lmulions.com/sports/mens-water-polo/roster
Loyola Marymount,,6 Bence Barics,,6-4,"Budapest, Hungary",So.,https://lmulions.com/sports/mens-water-polo/roster
Loyola Marymount,,7 Jake Bonavia,,5-9,"Kappara, Malta",Fr.,https://lmulions.com/sports/mens-water-polo/roster
Loyola Marymount,,8 Caden Poulleau,,6-3,"Danville, CA",So.,https://lmulions.com/sports/mens-water-polo/roster
Loyola Marymount,,9 Johnny Mendiburu,,6-5,"Bakersfield, CA",So.,https://lmulions.com/sports/mens-water-polo/roster
Loyola Marymount,,10 Tommaso Baldineti,,5-7,"Recco, Italy",Gr.,https://lmulions.com/sports/mens-water-polo/roster
Loyola Marymount,,11 Caden Carpenter,,5-11,"Pleasant Hill, CA",Sr.,https://lmulions.com/sports/mens-water-polo/roster
Loyola Marymount,,12 Abel Romero Corbalan,,5-9,"Madrid, Spain",Jr.,https://lmulions.com/sports/mens-water-polo/roster
Loyola Marymount,,13 Asher Smith,,6-2,"Santa Barbara, CA",So.,https://lmulions.com/sports/mens-water-polo/roster
Loyola Marymount,,14 Nico Furneaux,,6-2,"North Delta, British Columbia, Canada",So.,https://lmulions.com/sports/mens-water-polo/roster
Loyola Marymount,,15 Josiah Yeager,,6-2,"San Mateo, CA",So.,https://lmulions.com/sports/mens-water-polo/roster
Loyola Marymount,,16 Mateo Obando,,6-1,"Santa Barbara, CA",Fr.,https://lmulions.com/sports/mens-water-polo/roster
Loyola Marymount,,17 Eduardo Carraresi,,6-3,"São Paulo, Brazil",Fr.,https://lmulions.com/sports/mens-water-polo/roster
Loyola Marymount,,18 Dylan King,,6-2,"Moraga, CA",Fr.,https://lmulions.com/sports/mens-water-polo/roster
Loyola Marymount,,19 Alex Sharp,,6-3,"Sunnyvale, CA",Fr.,https://lmulions.com/sports/mens-water-polo/roster
Loyola Marymount,,20 Ian Moore,,6-1,"Ventura, CA",Fr.,https://lmulions.com/sports/mens-water-polo/roster
Loyola Marymount,,21 Soren Martin,,6-1,"La Jolla, CA",So.,https://lmulions.com/sports/mens-water-polo/roster
Loyola Marymount,,22 Jaxon Hoover,,6-3,"Clovis, CA",So.,https://lmulions.com/sports/mens-water-polo/roster
Loyola Marymount,,23 Ryan Boschken,,5-11,"Los Altos Hills, CA",Jr.,https://lmulions.com/sports/mens-water-polo/roster
Loyola Marymount,,24 Kaden Breaux,,6-4,"Orange County, CA",So.,https://lmulions.com/sports/mens-water-polo/roster
Loyola Marymount,,25 Roman Saroyan,,6-3,"Fresno, CA",Jr.,https://lmulions.com/sports/mens-water-polo/roster
Pacific,,1 Kiss Gergely,,6-0,"Budapest, Hungary",Fr.,https://pacifictigers.com/sports/mens-water-polo/roster
Pacific,,1A Benjamin Gronbach,,6-2,"Oakland, Calif.",Jr.,https://pacifictigers.com/sports/mens-water-polo/roster
Pacific,,1B Eli Sternweiler,,6-1,"Chicago, Ill.",Sr.,https://pacifictigers.com/sports/mens-water-polo/roster
Pacific,,2 Declan McJilton,,6-3,"Seattle, Wash.",Gr.,https://pacifictigers.com/sports/mens-water-polo/roster
Pacific,,3 Noah Wendt,,6-1,"Winnetka, Ill",Jr.,https://pacifictigers.com/sports/mens-water-polo/roster
Pacific,,4 Apostolos Georgaras,,6-1,"Patras, Greece",Fr.,https://pacifictigers.com/sports/mens-water-polo/roster
Pacific,,5 Petar Popovic,,6-1,"Herceg Novi, Montenegro",Fr.,https://pacifictigers.com/sports/mens-water-polo/roster
Pacific,,6 Brody Biedermann,,6-3,"Ripon, Calif.",Fr.,https://pacifictigers.com/sports/mens-water-polo/roster
Pacific,,7 Ethan Carrington,,6-3,"Tauranga, New Zealand",Jr.,https://pacifictigers.com/sports/mens-water-polo/roster
Pacific,,8 Manuel Pembertty,,6-2,"Greenwich, Conn.",Gr.,https://pacifictigers.com/sports/mens-water-polo/roster
Pacific,,9 Tamas Otto Voros,,6-2,"Kaposvar, Hungary",Fr.,https://pacifictigers.com/sports/mens-water-polo/roster
Pacific,,10 Yoav Rendler,,6-0,"Beit Lehem HaGlilit, Israel",So.,https://pacifictigers.com/sports/mens-water-polo/roster
Pacific,,11 Ori Buzaglo,,6-1,"Kibbutz Shamir, Israel",So.,https://pacifictigers.com/sports/mens-water-polo/roster
Pacific,,12 Borisz Kasa-Gal,,6-6,"Budapest, Hungary",Fr.,https://pacifictigers.com/sports/mens-water-polo/roster
Pacific,,13 Filip Norell,,6-3,"Old Greenwich, Conn.",Gr.,https://pacifictigers.com/sports/mens-water-polo/roster
Pacific,,14 Daniel Viscia,,5-10,"Walnut Creek, Calif.",5th,https://pacifictigers.com/sports/mens-water-polo/roster
Pacific,,15 Saul Biddle,,6-0,"Las Vegas, Nev.",Fr.,https://pacifictigers.com/sports/mens-water-polo/roster
Pacific,,16 Alek Newman,,6-6,"Dana Point, Calif.",Sr.,https://pacifictigers.com/sports/mens-water-polo/roster
Pacific,,17 Lukas Peters,,5-10,"Walnut Creek, Calif.",Fr.,https://pacifictigers.com/sports/mens-water-polo/roster
Pacific,,18 Nash Brandon,,5-11,"Honolulu, Hawai'i",Sr.,https://pacifictigers.com/sports/mens-water-polo/roster
Pacific,,19 Jonah Martorana,,6-2,"Fresno, Calif.",Jr.,https://pacifictigers.com/sports/mens-water-polo/roster
Pacific,,20 Charlie Donlin,,6-2,"Stockton, Calif.",Sr.,https://pacifictigers.com/sports/mens-water-polo/roster
Pacific,,21 Daniel Warman,,6-1,"Auckland, New Zealand",Sr.,https://pacifictigers.com/sports/mens-water-polo/roster
Pacific,,22 Ryan Smith,,5-10,"Merced, Calif.",R-So.,https://pacifictigers.com/sports/mens-water-polo/roster
Pacific,,23 Landon Mauge,,6-7,"Hanford, Calif.",Fr.,https://pacifictigers.com/sports/mens-water-polo/roster
Pacific,,24 Ethan Braga,,6-4,"Pleasanton, Calif.",R-Sr.,https://pacifictigers.com/sports/mens-water-polo/roster
Pacific,,RS Nathan Rasmussen,,6-0,"Stockton, Calif.",R-Fr.,https://pacifictigers.com/sports/mens-water-polo/roster
Harvard,,1 Tanner Furtak,,6-3,"San Diego, Calif.",Sr.,https://gocrimson.com/sports/mens-water-polo/roster/2025
Harvard,,1A Oliver Price,,6-5,"La Jolla, Calif.",Jr.,https://gocrimson.com/sports/mens-water-polo/roster/2025
Harvard,,5 Tyler Hogan,,6-5,"Atherton, Calif.",So.,https://gocrimson.com/sports/mens-water-polo/roster/2025
Harvard,,6 Lukas Peabody,,5-8,"San Diego, Calif.",So.,https://gocrimson.com/sports/mens-water-polo/roster/2025
Harvard,,7 Mason Hunt,,6-2,"Newport Beach, Calif.",Sr.,https://gocrimson.com/sports/mens-water-polo/roster/2025
Harvard,,8 Connor Kim,,5-11,"Los Angeles, Calif.",Fy,https://gocrimson.com/sports/mens-water-polo/roster/2025
Harvard,,9 Bradford Dickson,,6-1,"Imperial Beach, Calif.",Jr.,https://gocrimson.com/sports/mens-water-polo/roster/2025
Harvard,,10 Vilas Sogaard-Srikrishnan,,6-1,"Greenwich, Conn.",Jr.,https://gocrimson.com/sports/mens-water-polo/roster/2025
Harvard,,11 Dean Strauser,,6-1,"Calabasas, Calif.",So.,https://gocrimson.com/sports/mens-water-polo/roster/2025
Harvard,,12 Jacob Tsotadze,,6-0,"Menlo Park, Calif.",Jr.,https://gocrimson.com/sports/mens-water-polo/roster/2025
Harvard,,14 Felix Pal,,6-3,"Sydney, Australia",Fy,https://gocrimson.com/sports/mens-water-polo/roster/2025
Harvard,,18 Jack Burghardt,,5-11,"Manhattan Beach, Calif.",Jr.,https://gocrimson.com/sports/mens-water-polo/roster/2025
Harvard,,20 Emil Sogaard-Srikrishnan,,5-11,"Greenwich, Conn.",Fy,https://gocrimson.com/sports/mens-water-polo/roster/2025
UC Santa Barbara,,1 Finn Byrne,,6-2,"Atherton, Calif.",R-So.,https://ucsbgauchos.com/sports/mens-water-polo/roster
UC Santa Barbara,,1 Haakon Lacy,,6-4,"San Anselmo, Calif.",R-Fr.,https://ucsbgauchos.com/sports/mens-water-polo/roster
UC Santa Barbara,,1 Levi Lentin,,6-4,"La Jolla, Calif.",R-Sr.,https://ucsbgauchos.com/sports/mens-water-polo/roster
UC Santa Barbara,,1 Wyatt Pieretti,,6-3,"Santa Barbara, Calif.",R-Jr.,https://ucsbgauchos.com/sports/mens-water-polo/roster
UC Santa Barbara,,2 Kai Ross,,6-7,"Westport, Conn.",So.,https://ucsbgauchos.com/sports/mens-water-polo/roster
UC Santa Barbara,,3 Charlie Johnson,,6-1,"Manhattan Beach, Calif.",Fr.,https://ucsbgauchos.com/sports/mens-water-polo/roster
UC Santa Barbara,,4 Ryan McManigal,,6-3,"Newport Beach, Calif.",R-Jr.,https://ucsbgauchos.com/sports/mens-water-polo/roster
UC Santa Barbara,,5 Landon Lassahn,,6-6,"Solvang, Calif.",R-So.,https://ucsbgauchos.com/sports/mens-water-polo/roster
UC Santa Barbara,,6 Kyle Rosenblatt,,6-3,"Lafeyette, Calif.",R-Jr.,https://ucsbgauchos.com/sports/mens-water-polo/roster
UC Santa Barbara,,7 Griffin Pieretti,,6-0,"Santa Barbara, Calif.",R-Jr.,https://ucsbgauchos.com/sports/mens-water-polo/roster
UC Santa Barbara,,8 Sam McKenzie,,6-6,"Adelaide, Australia",Sr.,https://ucsbgauchos.com/sports/mens-water-polo/roster
UC Santa Barbara,,9 Sean O'Brien,,5-11,"Santa Barbara, Calif.",R-Jr.,https://ucsbgauchos.com/sports/mens-water-polo/roster
UC Santa Barbara,,10 Camren Simoncelli,,6-5,"Newport Beach, Calif.",R-Fr.,https://ucsbgauchos.com/sports/mens-water-polo/roster
UC Santa Barbara,,11 Billy Rankin,,6-0,"Newport Beach, Calif.",R-Jr.,https://ucsbgauchos.com/sports/mens-water-polo/roster
UC Santa Barbara,,12 Tyler Roller,,6-1,"Cupertino, Calif.",R-Fr.,https://ucsbgauchos.com/sports/mens-water-polo/roster
UC Santa Barbara,,13 Thomas Colpo,,5-10,"Moraga, Calif.",Jr.,https://ucsbgauchos.com/sports/mens-water-polo/roster
UC Santa Barbara,,15 Luke Redoutey,,6-1,"Costa Mesa, Calif.",Sr.,https://ucsbgauchos.com/sports/mens-water-polo/roster
UC Santa Barbara,,16 William Pezold,,6-5,"Laguna Hills, Calif.",Jr.,https://ucsbgauchos.com/sports/mens-water-polo/roster
UC Santa Barbara,,20 Danilo Dragovic,,6-1,"Budva, Montenegro",So.,https://ucsbgauchos.com/sports/mens-water-polo/roster
UC Santa Barbara,,21 Brock Zamanian,,6-3,"Orinda, Calif.",R-Sr.,https://ucsbgauchos.com/sports/mens-water-polo/roster
UC Santa Barbara,,23 Oliver Sherwood,,6-0,"Orinda, Calif.",R-Fr.,https://ucsbgauchos.com/sports/mens-water-polo/roster
UC Santa Barbara,,41 Finn Genc,,5-11,"Newport Beach, Calif.",Jr.,https://ucsbgauchos.com/sports/mens-water-polo/roster
UC Santa Barbara,,98 Sean Keane,,6-4,"San Diego, Calif.",Fr.,https://ucsbgauchos.com/sports/mens-water-polo/roster
UC Santa Barbara,,99 Jake Reinke,,6-1,"Menlo Park, Calif.",Fr.,https://ucsbgauchos.com/sports/mens-water-polo/roster
Navy,,1 Jack Hightower,,6-3,"San Diego, Calif.",Sr.,https://navysports.com/sports/mens-water-polo/roster
Navy,,1A Jack Rodoni,,6-4,"San Francisco, Calif.",So.,https://navysports.com/sports/mens-water-polo/roster
Navy,,1B Ryan Munch,,6-5,"San Diego, Calif.",So.,https://navysports.com/sports/mens-water-polo/roster
Navy,,1C Shaan Sandhoo,,6-5,"Laurel, Md.",Sr.,https://navysports.com/sports/mens-water-polo/roster
Navy,,1D Francis Hendrickson,,6-0,"Washington, D.C.",Jr.,https://navysports.com/sports/mens-water-polo/roster
Navy,,2 Orion Erwin,,6-3,"Encinitas, Calif.",So.,https://navysports.com/sports/mens-water-polo/roster
Navy,,3 Maddox Garrahy,,6-0,"Oceanside, Calif.",So.,https://navysports.com/sports/mens-water-polo/roster
Navy,,4 Jack Clark,,5-10,"Annapolis, Md.",So.,https://navysports.com/sports/mens-water-polo/roster
Navy,,5 Luka Sekulic,,6-4,"Haverford, Pa.",Jr.,https://navysports.com/sports/mens-water-polo/roster
Navy,,6 Holden Seybold,,6-5,"Aliso Viejo, Calif.",Sr.,https://navysports.com/sports/mens-water-polo/roster
Navy,,7 Aiden Berry,,6-1,"San Ramon, Calif.",Fr.,https://navysports.com/sports/mens-water-polo/roster
Navy,,8 James Mulvey,,6-2,"Newport Beach, Calif.",Fr.,https://navysports.com/sports/mens-water-polo/roster
Navy,,9 Aiden Day,,6-1,"Oceanside, Calif.",Jr.,https://navysports.com/sports/mens-water-polo/roster
Navy,,10 Matt Mai-Prasarnsuk,,5-10,"Villa Park, Calif.",So.,https://navysports.com/sports/mens-water-polo/roster
Navy,,11 Kiefer Black,,6-7,"San Diego, Calif.",Jr.,https://navysports.com/sports/mens-water-polo/roster
Navy,,12 Jack Reif,,6-1,"Naperville, Ill.",Fr.,https://navysports.com/sports/mens-water-polo/roster
Navy,,13 Austin Kahn,,5-11,"San Diego, Calif.",So.,https://navysports.com/sports/mens-water-polo/roster
Navy,,14 Billy Zech,,6-3,"Tiburon, Calif.",Jr.,https://navysports.com/sports/mens-water-polo/roster
Navy,,15 Luke Kirincich,,6-2,"Menlo Park, Calif.",Fr.,https://navysports.com/sports/mens-water-polo/roster
Navy,,16 Jackson Snapp,,6-4,"Los Altos, Calif.",So.,https://navysports.com/sports/mens-water-polo/roster
Navy,,17 Quinn Bartlett,,6-0,"Newport Beach, Calif.",So.,https://navysports.com/sports/mens-water-polo/roster
Navy,,19 Connor Cashman,,6-0,"Annapolis, Md.",Jr.,https://navysports.com/sports/mens-water-polo/roster
Navy,,20 Charlie Child,,6-2,"Dana Point, Calif.",Fr.,https://navysports.com/sports/mens-water-polo/roster
Navy,,21 Ramsay Letteau Stallings,,6-3,"Beverly Hills, Calif.",Fr.,https://navysports.com/sports/mens-water-polo/roster
Navy,,22 Rory Begin,,6-0,"Bakersfield, Calif.",Sr.,https://navysports.com/sports/mens-water-polo/roster
Navy,,23 Jack Mason,,6-1,"San Diego, Calif.",Fr.,https://navysports.com/sports/mens-water-polo/roster
Navy,,24 Ryan Mondzelewski,,6-3,"Coronado, Calif.",Fr.,https://navysports.com/sports/mens-water-polo/roster
Navy,,25 Tyler Ter Keurst,,6-4,"Yucaipa, Calif.",Fr.,https://navysports.com/sports/mens-water-polo/roster
Navy,,26 Jackson Sales,,6-5,"Tinley Park, Ill.",Fr.,https://navysports.com/sports/mens-water-polo/roster
Navy,,27 Max Fino,,6-4,"San Diego, Calif.",Jr.,https://navysports.com/sports/mens-water-polo/roster
Navy,,30 Ethan Gao,,5-8,"Dallas, Texas",So.,https://navysports.com/sports/mens-water-polo/roster
Navy,,31 Chase Riesenfeld,,6-2,"Annapolis, Md.",Fr.,https://navysports.com/sports/mens-water-polo/roster
Santa Clara,,1 Tyler Swensen,,6-4,"Laguna Beach, Calif.",R-Fr.,https://santaclarabroncos.com/sports/mens-water-polo/roster
Santa Clara,,1A Owen Van Stralen,,6-0,"Orinda, Calif.",R-Jr.,https://santaclarabroncos.com/sports/mens-water-polo/roster
Santa Clara,,1B Harrison Labrosse,,6-5,"Lafayette, Calif.",Jr.,https://santaclarabroncos.com/sports/mens-water-polo/roster
Santa Clara,,1C Ryland Pierce,,6-3,"Pleasant Hill, Calif.",Fr.,https://santaclarabroncos.com/sports/mens-water-polo/roster
Santa Clara,,2 Jason Alietti,,6-5,"Pasadena, Calif.",Jr.,https://santaclarabroncos.com/sports/mens-water-polo/roster
Santa Clara,,3 Henry Engs,,6-1,"Orinda, Calif.",So.,https://santaclarabroncos.com/sports/mens-water-polo/roster
Santa Clara,,4 Jensen Welton,,6-2,"Austin, Texas",R-Fr.,https://santaclarabroncos.com/sports/mens-water-polo/roster
Santa Clara,,5 Ashton Brown,,6-4,Sydney,Fr.,https://santaclarabroncos.com/sports/mens-water-polo/roster
Santa Clara,,6 Charlie Kosinski,,6-0,"Greenwich, Conn.",R-So.,https://santaclarabroncos.com/sports/mens-water-polo/roster
Santa Clara,,8 Harrison Villella,,6-3,"Bainbridge Island, Wash.",R-Jr.,https://santaclarabroncos.com/sports/mens-water-polo/roster
Santa Clara,,9 Reese Jenican,,6-4,"Yorba Linda, Calif.",Sr.,https://santaclarabroncos.com/sports/mens-water-polo/roster
Santa Clara,,10 Thomas Wisdom,,6-1,"Saratoga, Calif.",R-So.,https://santaclarabroncos.com/sports/mens-water-polo/roster
Santa Clara,,11 Julien Chow,,6-2,"Palo Alto, Calif.",R-So.,https://santaclarabroncos.com/sports/mens-water-polo/roster
Santa Clara,,12 Grant Roesch,,6-3,"Moraga, Calif.",Jr.,https://santaclarabroncos.com/sports/mens-water-polo/roster
Santa Clara,,13 Beck Early,,5-10,"Newport Beach, Calif.",Fr.,https://santaclarabroncos.com/sports/mens-water-polo/roster
Santa Clara,,14 Imme van der Schaaf,,6-1,"Veldhoven, Netherlands",Fr.,https://santaclarabroncos.com/sports/mens-water-polo/roster
Santa Clara,,15 Dylan Hazen,,6-0,"Huntington Beach, Calif.",Fr.,https://santaclarabroncos.com/sports/mens-water-polo/roster
Santa Clara,,16 Jamie De Zwart,,6-7,"League City, Texas",Fr.,https://santaclarabroncos.com/sports/mens-water-polo/roster
Santa Clara,,20 Hank Woodman,,6-2,"Winnetka, Ill.",Fr.,https://santaclarabroncos.com/sports/mens-water-polo/roster
Santa Clara,,21 Riccardo De Simon,,6-3,"Bologna, Italy",So.,https://santaclarabroncos.com/sports/mens-water-polo/roster
Santa Clara,,22 Luke Baird,,6-5,"Springfield, Va.",R-So.,https://santaclarabroncos.com/sports/mens-water-polo/roster
Santa Clara,,23 Charlie Engs,,6-2,"Orinda, Calif.",R-So.,https://santaclarabroncos.com/sports/mens-water-polo/roster
Santa Clara,,24 Weston Bancroft,,6-3,"La Jolla, Calif.",R-Fr.,https://santaclarabroncos.com/sports/mens-water-polo/roster
Santa Clara,,26 Reece Hammond,,6-5,"Long Beach, Calif.",R-So.,https://santaclarabroncos.com/sports/mens-water-polo/roster
Santa Clara,,28 Mikhail Popov,,6-0,"Pleasant Hill, Calif.",Fr.,https://santaclarabroncos.com/sports/mens-water-polo/roster
Cal State Fullerton,,1 Noah Stark,,6-4,"Centennial, Colo.",Sr.,https://fullertontitans.com/sports/mens-water-polo/roster
Cal State Fullerton,,1A Cy Hammerstrom,,6-1,"Kingsburg, Calif.",Jr.,https://fullertontitans.com/sports/mens-water-polo/roster
Cal State Fullerton,,1B Ethan Ivey,,6-5,"Auckland, NZ",Jr.,https://fullertontitans.com/sports/mens-water-polo/roster
Cal State Fullerton,,2 Bende Aubeli,,6-1,"Budapest, Hungary",Gr.,https://fullertontitans.com/sports/mens-water-polo/roster
Cal State Fullerton,,3 Alec Isaacman,,6-2,"Irvine, Calif.",Gr.,https://fullertontitans.com/sports/mens-water-polo/roster
Cal State Fullerton,,4 Jace Peterson,,6-5,"Kingsburg, Calif.",Jr.,https://fullertontitans.com/sports/mens-water-polo/roster
Cal State Fullerton,,5 Julian Nichols,,6-4,"Glendora, Calif.",Gr.,https://fullertontitans.com/sports/mens-water-polo/roster
Cal State Fullerton,,6 Ethan Merritt,,6-2,"Porterville, Calif.",Jr.,https://fullertontitans.com/sports/mens-water-polo/roster
Cal State Fullerton,,7 Ethan MacLeod,,6-2,"Johannesburg, South Africa",Jr.,https://fullertontitans.com/sports/mens-water-polo/roster
Cal State Fullerton,,8 Nico D'Angelo,,5-10,"Napa, Calif.",Gr.,https://fullertontitans.com/sports/mens-water-polo/roster
Cal State Fullerton,,9 Togan Ozbek,,6-2,"Istanbul, Turkey",Gr.,https://fullertontitans.com/sports/mens-water-polo/roster
Cal State Fullerton,,10 Jacob Hatch,,6-4,"Morgan Hill, Calif.",Sr.,https://fullertontitans.com/sports/mens-water-polo/roster
Cal State Fullerton,,12 Kai Kubo,,6-7,"Portland, Ore.",R-So.,https://fullertontitans.com/sports/mens-water-polo/roster
Cal State Fullerton,,13 Marton Thuroczy,,6-4,"Budapest, Hungary",So.,https://fullertontitans.com/sports/mens-water-polo/roster
Cal State Fullerton,,14 Ethan Cooney,,6-3,"Aliso Viejo, Calif.",Jr.,https://fullertontitans.com/sports/mens-water-polo/roster
Cal State Fullerton,,15 Tony Benedetti,,6-3,"Placerville, Calif.",Jr.,https://fullertontitans.com/sports/mens-water-polo/roster
Cal State Fullerton,,16 Carmelo Bangs,,6-4,"Granite Bay, Calif.",Jr.,https://fullertontitans.com/sports/mens-water-polo/roster
Cal State Fullerton,,17 Luke Vargas,,6-2,"Santee, Calif.",Fr.,https://fullertontitans.com/sports/mens-water-polo/roster
Cal State Fullerton,,18 Ryan O'Donovan,,6-2,"Placentia, Calif.",Jr.,https://fullertontitans.com/sports/mens-water-polo/roster
Cal State Fullerton,,19 Samuel Branco,,6-4,"Folsom, Calif.",Fr.,https://fullertontitans.com/sports/mens-water-polo/roster
Cal State Fullerton,,21 Andrew Barnuevo,,6-5,"Irvine, Calif.",Jr.,https://fullertontitans.com/sports/mens-water-polo/roster
Cal State Fullerton,,22 Francisco Paredes,,6-4,"Fallbrook, Calif.",Jr.,https://fullertontitans.com/sports/mens-water-polo/roster
Cal State Fullerton,,23 Francesco Schiaffino,,6-1,"Chiavari, Italy",Fr.,https://fullertontitans.com/sports/mens-water-polo/roster
Concordia Irvine,,1 Pablo de Souza,,6-0,"Sao Paulo, Brazil",Jr.,https://cuigoldeneagles.com/sports/mens-water-polo/roster
Concordia Irvine,,1A Hale Durbiano,,5-11,"Santa Ynez, Calif.",So.,https://cuigoldeneagles.com/sports/mens-water-polo/roster
Concordia Irvine,,1B Derek Maddox,,6-2,"Placentia, Calif.",Fr.,https://cuigoldeneagles.com/sports/mens-water-polo/roster
Concordia Irvine,,1C Ethan Sutherland,,6-3,"Puyallup, Wash.",Fr.,https://cuigoldeneagles.com/sports/mens-water-polo/roster
Concordia Irvine,,2 Porter Rosenlof,,6-1,"Long Beach, Calif.",Jr.,https://cuigoldeneagles.com/sports/mens-water-polo/roster
Concordia Irvine,,3 Kai Young,,6-1,"Sydney, Australia",Sr.,https://cuigoldeneagles.com/sports/mens-water-polo/roster
Concordia Irvine,,4 Oscar Garcia Blomback,,6-5,"Uppsala, Sweden",Sr.,https://cuigoldeneagles.com/sports/mens-water-polo/roster
Concordia Irvine,,5 Hugo Wouters,,6-3,"Lelystad, Netherlands",Fr.,https://cuigoldeneagles.com/sports/mens-water-polo/roster
Concordia Irvine,,6 Dimitrios Koritsas,,6-2,"Thessaloniki, Greece",Fr.,https://cuigoldeneagles.com/sports/mens-water-polo/roster
Concordia Irvine,,7 Kanoa Stoddard,,6-2,"Tracy, Calif.",R-So.,https://cuigoldeneagles.com/sports/mens-water-polo/roster
Concordia Irvine,,9 Sam Diamond,,6-1,"Tustin, Calif.",Sr.,https://cuigoldeneagles.com/sports/mens-water-polo/roster
Concordia Irvine,,10 Harry Bentham,,6-6,"Manchester, U.K.",Sr.,https://cuigoldeneagles.com/sports/mens-water-polo/roster
Concordia Irvine,,11 Nicolas Fuchs,,6-3,"São Paulo, Brazil",R-So.,https://cuigoldeneagles.com/sports/mens-water-polo/roster
Concordia Irvine,,12 Charlie Johnson,,6-4,"Tacoma, Wash.",Sr.,https://cuigoldeneagles.com/sports/mens-water-polo/roster
Concordia Irvine,,13 Kaliq Khan,,6-2,"Napa, Calif.",Jr.,https://cuigoldeneagles.com/sports/mens-water-polo/roster
Concordia Irvine,,14 Luc Chapman,,6-3,"Huntington Beach, Calif.",Fr.,https://cuigoldeneagles.com/sports/mens-water-polo/roster
Concordia Irvine,,15 Levi Riegelmann,,6-3,"Gresham, Ore.",Fr.,https://cuigoldeneagles.com/sports/mens-water-polo/roster
Concordia Irvine,,16 Dylan Poladian,,5-6,"Trabuco Canyon, Calif.",Fr.,https://cuigoldeneagles.com/sports/mens-water-polo/roster
Concordia Irvine,,19 Carter Clenney,,5-11,"Clovis, Calif.",Fr.,https://cuigoldeneagles.com/sports/mens-water-polo/roster
Concordia Irvine,,20 Canyon Johnson,,6-5,"Strathmore, Calif.",Fr.,https://cuigoldeneagles.com/sports/mens-water-polo/roster
Concordia Irvine,,21 Cade Peterson,,6-5,"Kingsburg, Calif.",R-So.,https://cuigoldeneagles.com/sports/mens-water-polo/roster
Concordia Irvine,,24 Luke Addington,,6-4,"Clovis, Calif.",Sr.,https://cuigoldeneagles.com/sports/mens-water-polo/roster
Johns Hopkins,,1 Kyle Pearson,,6-3,"Key Biscayne, FL",Gr.,https://hopkinssports.com/sports/mens-water-polo/roster
Johns Hopkins,,1A Chris Poisler,,6-0,"Houston, TX",Jr.,https://hopkinssports.com/sports/mens-water-polo/roster
Johns Hopkins,,1B Sebastian Isaacs,,6-1,"Ambler, PA",Fr.,https://hopkinssports.com/sports/mens-water-polo/roster
Johns Hopkins,,2 Owen Bartlett,,5-11,"Newport Beach, CA",Jr.,https://hopkinssports.com/sports/mens-water-polo/roster
Johns Hopkins,,3 Mason Hofmann,,6-1,"Naperville, IL",Fr.,https://hopkinssports.com/sports/mens-water-polo/roster
Johns Hopkins,,4 Max Blecher,,6-1,"Princeton, NJ",Jr.,https://hopkinssports.com/sports/mens-water-polo/roster
Johns Hopkins,,5 Quint Steffey,,6-2,"Capistrano Beach, CA",Sr.,https://hopkinssports.com/sports/mens-water-polo/roster
Johns Hopkins,,6 Alec Baker,,5-11,"Redondo Beach, CA",Jr.,https://hopkinssports.com/sports/mens-water-polo/roster
Johns Hopkins,,7 Patrick Rooney,,5-10,"San Diego, CA",So.,https://hopkinssports.com/sports/mens-water-polo/roster
Johns Hopkins,,8 Ethan Babel,,5-11,"San Francisco, CA",Jr.,https://hopkinssports.com/sports/mens-water-polo/roster
Johns Hopkins,,9 Matthieu Giauque,,6-6,"Ross, CA",Fr.,https://hopkinssports.com/sports/mens-water-polo/roster
Johns Hopkins,,10 Iason Mihalopoulos,,5-11,"Las Vegas, NV",Sr.,https://hopkinssports.com/sports/mens-water-polo/roster
Johns Hopkins,,11 Luke Mendelsohn,,6-3,"Old Greenwich, CT",Fr.,https://hopkinssports.com/sports/mens-water-polo/roster
Johns Hopkins,,12 Gavin Brooke,,6-3,"Fort Washington, PA",Sr.,https://hopkinssports.com/sports/mens-water-polo/roster
Johns Hopkins,,14 Phillip Long,,6-1,"Cupertino, CA",So.,https://hopkinssports.com/sports/mens-water-polo/roster
Johns Hopkins,,15 Ben Lucas,,6-1,"Orinda, CA",Fr.,https://hopkinssports.com/sports/mens-water-polo/roster
Johns Hopkins,,16 Brody Mars,,5-10,"Newport Beach, CA",Fr.,https://hopkinssports.com/sports/mens-water-polo/roster
Johns Hopkins,,17 Andrew Lee,,6-0,"Los Angeles, CA",So.,https://hopkinssports.com/sports/mens-water-polo/roster
Johns Hopkins,,18 Daniel Palfi,,5-9,"Mission Viejo, CA",Sr.,https://hopkinssports.com/sports/mens-water-polo/roster
Wagner,,1 Ian Conway,,6-2,"Saint Louis, MO",So.,https://wagnerathletics.com/sports/mens-polo/roster
Wagner,,1 Filip Petrovic,,6-3,"Seattle, WA",So.,https://wagnerathletics.com/sports/mens-polo/roster
Wagner,,2 Landon Castillo,,6-0,"Newport Beach, CA",Fr.,https://wagnerathletics.com/sports/mens-polo/roster
Wagner,,3 Kelly Murphy,,6-3,"Austin, TX",Fr.,https://wagnerathletics.com/sports/mens-polo/roster
Wagner,,4 Nadav Carmon,,6-3,"Tamara Yohanan, Israel",Fr.,https://wagnerathletics.com/sports/mens-polo/roster
Wagner,,5 Ryan Kerry,,6-4,"Long Beach, CA",Sr.,https://wagnerathletics.com/sports/mens-polo/roster
Wagner,,6 Smith Connors,,6-3,"Brisbane, Australia",So.,https://wagnerathletics.com/sports/mens-polo/roster
Wagner,,7 Maayan Nahari,,5-10,"Givat Ela, Israel",Jr.,https://wagnerathletics.com/sports/mens-polo/roster
Wagner,,8 Vince Varga,,6-2,"Budapest, Hungary",Jr.,https://wagnerathletics.com/sports/mens-polo/roster
Wagner,,9 Matt Wedlock,,6-2,"Saint Louis, MO",So.,https://wagnerathletics.com/sports/mens-polo/roster
Wagner,,10 Matan Friedenberg,,6-5,"Tel Aviv, Israel",So.,https://wagnerathletics.com/sports/mens-polo/roster
Wagner,,11 Laszlo Strasser,,6-3,"Budapest, Hungary",Sr.,https://wagnerathletics.com/sports/mens-polo/roster
Wagner,,12 Jacob Troy,,6-1,"Mohnton, PA",Fr.,https://wagnerathletics.com/sports/mens-polo/roster
Wagner,,13 Jonah Aguilera,,5-11,"Eastvale, CA",Fr.,https://wagnerathletics.com/sports/mens-polo/roster
Wagner,,14 Patrick Ray,,6-2,"Columbus, OH",Jr.,https://wagnerathletics.com/sports/mens-polo/roster
Wagner,,15 Jackson McGuckin,,6-1,"Tucker, GA",Fr.,https://wagnerathletics.com/sports/mens-polo/roster
Wagner,,16 Weston Swank,,6-1,"Long Beach, CA",Fr.,https://wagnerathletics.com/sports/mens-polo/roster
Wagner,,17 Senan Noonan,,,"Dublin, Ireland",Jr.,https://wagnerathletics.com/sports/mens-polo/roster
Wagner,,18 Aksel Gerhardstein,,6-3,"London, UK",Fr.,https://wagnerathletics.com/sports/mens-polo/roster
Wagner,,19 Toby Zeeck,,5-10,"Chicago,IL",Fr.,https://wagnerathletics.com/sports/mens-polo/roster
Wagner,,23 Gabe Johnson,,6-2,"Northbrook, IL",Jr.,https://wagnerathletics.com/sports/mens-polo/roster
Wagner,,24 Landin Romo,,6-0,"Santa Barbara, CA",Jr.,https://wagnerathletics.com/sports/mens-polo/roster
Wagner,,25 Eliot Alvarez,,6-5,"San Leandro, California",Sr.,https://wagnerathletics.com/sports/mens-polo/roster
Salem (WV),,1 Ewan Rios,,,"Houston, Texas",,https://salemtigers.com/sports/mens-water-polo/roster
Salem (WV),,1C Mateja Cerovic,,,"Belgrade, Serbia",,https://salemtigers.com/sports/mens-water-polo/roster
Salem (WV),,2 David Socks II,,,"Mechanicsburg, Pennsylvania",,https://salemtigers.com/sports/mens-water-polo/roster
Salem (WV),,3 Marko Zivojinovic,,,"Belgrade, Serbia",,https://salemtigers.com/sports/mens-water-polo/roster
Salem (WV),,4 Fulop Zsombor,,,"Budapest, Hungary",,https://salemtigers.com/sports/mens-water-polo/roster
Salem (WV),,6 Antonio Sablic,,,"Vukovar, Croatia",,https://salemtigers.com/sports/mens-water-polo/roster
Salem (WV),,7 Connor McAlister,,,"Denton, Texas",,https://salemtigers.com/sports/mens-water-polo/roster
Salem (WV),,8 Ivan Petkovski,,,"Belgrade, Serbia",,https://salemtigers.com/sports/mens-water-polo/roster
Salem (WV),,9 Marko Jovanovic,,,"Belgrade, Serbia",,https://salemtigers.com/sports/mens-water-polo/roster
Salem (WV),,10 Nicholas Duncan,,,"Houston, Texas",,https://salemtigers.com/sports/mens-water-polo/roster
Salem (WV),,11 Kelvin Ceasar,,,"Petit Valley, Trinidad and Tobago",,https://salemtigers.com/sports/mens-water-polo/roster
Salem (WV),,12 Nandor Voros,,,"Edmonton, Alberta, Canada",,https://salemtigers.com/sports/mens-water-polo/roster
Salem (WV),,13 Timothy Fischer,,,"Chicago, Illinois",,https://salemtigers.com/sports/mens-water-polo/roster
Salem (WV),,14 Brayden Thayer,,,"El Dorado Hills, California",,https://salemtigers.com/sports/mens-water-polo/roster
Salem (WV),,15 Gabriel Balmelle,,,"San Juan, Puerto Rico",,https://salemtigers.com/sports/mens-water-polo/roster
Salem (WV),,17 James Fenner,,,"Stockton, California",,https://salemtigers.com/sports/mens-water-polo/roster
Salem (WV),,18 Mitchell Griffith,,,"Napoleon, Ohio",,https://salemtigers.com/sports/mens-water-polo/roster
Salem (WV),,19 Elias Maurer,,,"Puettlingen, Germany",,https://salemtigers.com/sports/mens-water-polo/roster
Salem (WV),,20 Samson Hurey,,,"Houston, Texas",,https://salemtigers.com/sports/mens-water-polo/roster
Salem (WV),,21 Gage Buttice,,,"Longwood, Florida",,https://salemtigers.com/sports/mens-water-polo/roster
Salem (WV),,22 Caleb Beach,,,"Ann Arbor, Michigan",,https://salemtigers.com/sports/mens-water-polo/roster
Salem (WV),,23 Danko Kesic,,,"Zemun, Serbia",,https://salemtigers.com/sports/mens-water-polo/roster
Salem (WV),,24 Medun Arsovic,,,"Belgrade, Serbia",,https://salemtigers.com/sports/mens-water-polo/roster
McKendree,,1 Gavin Haight,,6-0,"Jenison, MI",R-So.,https://mckbearcats.com/sports/mens-water-polo/roster
McKendree,,1B Brayden Ogle,,6-6,"Clovis, CA",So.,https://mckbearcats.com/sports/mens-water-polo/roster
McKendree,,1C Gennaro Pecoraro,,6-1,"Pesaro, Italy",Gr.,https://mckbearcats.com/sports/mens-water-polo/roster
McKendree,,2 Emiliano Martinez,,5-10,"Mexico City, Mexico",Jr.,https://mckbearcats.com/sports/mens-water-polo/roster
McKendree,,3 Quinten Gallagher,,5-7,"St. Louis, MO",Sr.,https://mckbearcats.com/sports/mens-water-polo/roster
McKendree,,4 Alexandros Prokopis,,5-8,"Palaio Faliro, Greece",Fr.,https://mckbearcats.com/sports/mens-water-polo/roster
McKendree,,5 Joshua Gibson,,6-7,"Nassau, Bahamas",So.,https://mckbearcats.com/sports/mens-water-polo/roster
McKendree,,6 Duncan Munro,,6-0,"Albuquerque, NM",Jr.,https://mckbearcats.com/sports/mens-water-polo/roster
McKendree,,7 Armand Le Goff,,5-9,"Reims, France",Jr.,https://mckbearcats.com/sports/mens-water-polo/roster
McKendree,,8 Rowan Daughtrey,,5-9,"Commerce City, CO",Jr.,https://mckbearcats.com/sports/mens-water-polo/roster
McKendree,,9 Nathan Weintraub,,5-9,"San Antonio, TX",Jr.,https://mckbearcats.com/sports/mens-water-polo/roster
McKendree,,10 Yannick Robertson,,6-3,"St. Augustine, Trinidad and Tobago",Jr.,https://mckbearcats.com/sports/mens-water-polo/roster
McKendree,,11 Kris Eyolfson,,6-3,"Winnipeg, Canada",Sr.,https://mckbearcats.com/sports/mens-water-polo/roster
McKendree,,12 Kevin Kehoe,,6-2,"Chicago, IL",So.,https://mckbearcats.com/sports/mens-water-polo/roster
McKendree,,13 Davion Nichols,,6-0,"Chicago, IL",So.,https://mckbearcats.com/sports/mens-water-polo/roster
McKendree,,14 Jayden Del Campo,,5-10,"Winnipeg, Canada",Fr.,https://mckbearcats.com/sports/mens-water-polo/roster
McKendree,,15 Riccardo Vettore,,6-3,"Padua, Italy",Sr.,https://mckbearcats.com/sports/mens-water-polo/roster
McKendree,,16 Joaquin Vazquez,,5-7,"Chicago, IL",Fr.,https://mckbearcats.com/sports/mens-water-polo/roster
McKendree,,17 Brody Loftin,,5-9,"Willis, TX",Jr.,https://mckbearcats.com/sports/mens-water-polo/roster
McKendree,,18 Tonny Simon,,6-1,"Nassau, Bahamas",Fr.,https://mckbearcats.com/sports/mens-water-polo/roster
McKendree,,20 James Ramey,,6-4,"St. Louis, MO",Sr.,https://mckbearcats.com/sports/mens-water-polo/roster
Mercyhurst,,1 Alex Gyde,,6-0,"McClure, Ohio",Jr.,https://hurstathletics.com/sports/mens-water-polo/roster
Mercyhurst,,2 Danilo Vujovic,,6-2,"Nis, Serbia",Gr.,https://hurstathletics.com/sports/mens-water-polo/roster
Mercyhurst,,3 Petar Vujovic,,,,So.,https://hurstathletics.com/sports/mens-water-polo/roster
Mercyhurst,,4 Aiden Bottterill,,,,Fr.,https://hurstathletics.com/sports/mens-water-polo/roster
Mercyhurst,,5 Auggie Paredes,,,,Fr.,https://hurstathletics.com/sports/mens-water-polo/roster
Mercyhurst,,6 Caden Stover,,5-10,"Napoleon, Ohio",So.,https://hurstathletics.com/sports/mens-water-polo/roster
Mercyhurst,,7 Asher Jones,,5-11,"Pittsburgh, Pa.",Jr.,https://hurstathletics.com/sports/mens-water-polo/roster
Mercyhurst,,8 Jacob Hopkins,,5-9,"Rockford, Mich.",Jr.,https://hurstathletics.com/sports/mens-water-polo/roster
Mercyhurst,,9 Daniel Goldgisser,,,,Fr.,https://hurstathletics.com/sports/mens-water-polo/roster
Mercyhurst,,10 Nate Cheney,,6-3,"Rockford, Mich.",Sr.,https://hurstathletics.com/sports/mens-water-polo/roster
Mercyhurst,,11 Matej Kovacevic,,6-1,"West Jordan, Utah",Jr.,https://hurstathletics.com/sports/mens-water-polo/roster
Mercyhurst,,12 Will Cheney,,6-2,"Rockford, Mich.",So.,https://hurstathletics.com/sports/mens-water-polo/roster
Mercyhurst,,13 Nate Lutz,,5-11,"Pipersville, Pa.",Sr.,https://hurstathletics.com/sports/mens-water-polo/roster
Mercyhurst,,14 Declan Puacz,,,,Fr.,https://hurstathletics.com/sports/mens-water-polo/roster
Mercyhurst,,15 Elijah Linman,,,,Fr.,https://hurstathletics.com/sports/mens-water-polo/roster
Mercyhurst,,16 Aidan Ivory,,,,Fr.,https://hurstathletics.com/sports/mens-water-polo/roster
Mercyhurst,,17 Ethan Green,,,,Fr.,https://hurstathletics.com/sports/mens-water-polo/roster
Mercyhurst,,18 Keller Sens,,6-1,"Pittsburgh, Pa.",Jr.,https://hurstathletics.com/sports/mens-water-polo/roster
Mercyhurst,,19 Ben Gavran,,6-0,"Pittsburgh, Pa.",Jr.,https://hurstathletics.com/sports/mens-water-polo/roster
Mercyhurst,,21 Cooper Venneman,,,,Fr.,https://hurstathletics.com/sports/mens-water-polo/roster
Mercyhurst,,22 Luke Larson,,,,Fr.,https://hurstathletics.com/sports/mens-water-polo/roster
Gannon,,1 Bator Mohacsi,,6-5,"Budapest, Hungary",So.,https://gannonsports.com/sports/mens-water-polo/roster
Gannon,,1A Hewson Morphy,,6-6,"Erie, Pa.",Jr.,https://gannonsports.com/sports/mens-water-polo/roster
Gannon,,1B Djordje Stefanovic,,6-0,,So.,https://gannonsports.com/sports/mens-water-polo/roster
Gannon,,2 Dominic Demeritte,,5-11,"Nassau, Bahamas",R-Jr.,https://gannonsports.com/sports/mens-water-polo/roster
Gannon,,3 Mateja Zjacic,,6-3,,Fr.,https://gannonsports.com/sports/mens-water-polo/roster
Gannon,,4 Rajmund Farsang,,6-0,"Eger, Hungary",So.,https://gannonsports.com/sports/mens-water-polo/roster
Gannon,,5 Nathaniel Castellon,,6-2,"Eastvale, Cal.",Jr.,https://gannonsports.com/sports/mens-water-polo/roster
Gannon,,6 Petar Markovic,,6-3,"Belgrade, Serbia",Jr.,https://gannonsports.com/sports/mens-water-polo/roster
Gannon,,7 Paco Palacian,,6-2,"Seattle, Wash.",R-Jr.,https://gannonsports.com/sports/mens-water-polo/roster
Gannon,,8 Mathieu Bordet,,6-3,"Marseille, France",So.,https://gannonsports.com/sports/mens-water-polo/roster
Gannon,,9 Nikiforos Liantziris,,5-11,"Athens, Greece",So.,https://gannonsports.com/sports/mens-water-polo/roster
Gannon,,10 Alexandros Kotskar,,6-0,"Voula, Greece",Sr.,https://gannonsports.com/sports/mens-water-polo/roster
Gannon,,11 Parker Wilk,,6-6,"Sanford, Fla.",Jr.,https://gannonsports.com/sports/mens-water-polo/roster
Gannon,,12 Victor Volant,,6-5,"Fuveau, France",So.,https://gannonsports.com/sports/mens-water-polo/roster
Gannon,,13 Michael McGarry,,6-3,"Erie, Pa.",So.,https://gannonsports.com/sports/mens-water-polo/roster
Gannon,,17 Callum Snider-Mills,,6-0,"Erie, Pa.",Fr.,https://gannonsports.com/sports/mens-water-polo/roster
Gannon,,20 Dillon Shaw,,6-4,"Salt Lake City, Utah",So.,https://gannonsports.com/sports/mens-water-polo/roster
Gannon,,24 Sebastian Gallo,,5-10,"Collegeville, Pa.",Sr.,https://gannonsports.com/sports/mens-water-polo/roster
Mount St. Mary's,,1 C Sherif Hosni,,,"Hamilton, New Zealand",Sr.,https://mountathletics.com/sports/mens-water-polo/roster
Mount St. Mary's,,2 Alexandros Belesis,,,"Athens, Greece",Sr.,https://mountathletics.com/sports/mens-water-polo/roster
Mount St. Mary's,,3 Nikolaos Agritelis,,,"Athens, Greece",Fr.,https://mountathletics.com/sports/mens-water-polo/roster
Mount St. Mary's,,4 Max Economy,,,"Richmond, Va.",So.,https://mountathletics.com/sports/mens-water-polo/roster
Mount St. Mary's,,5 Chrysostomos Valavanis,,,"Athens, Greece",Sr.,https://mountathletics.com/sports/mens-water-polo/roster
Mount St. Mary's,,6 Hugo Soares de Oliveira,,,"Denton, Tx.",Fr.,https://mountathletics.com/sports/mens-water-polo/roster
Mount St. Mary's,,7 John Zingo,,,"Towson, Maryland",Fr.,https://mountathletics.com/sports/mens-water-polo/roster
Mount St. Mary's,,8 Gunner Lanquist,,,"Moorpark, Calif.",Sr.,https://mountathletics.com/sports/mens-water-polo/roster
Mount St. Mary's,,9 Nate Valentine,,,"Blue Bell, Pa.",Jr.,https://mountathletics.com/sports/mens-water-polo/roster
Mount St. Mary's,,10 Jack Fox,,,"Jupiter, Fla.",Jr.,https://mountathletics.com/sports/mens-water-polo/roster
Mount St. Mary's,,11 Ivan Morales,,,"Gurnee, Ill.",Jr.,https://mountathletics.com/sports/mens-water-polo/roster
Mount St. Mary's,,12 Ioannis Skliras,,,"Athens, Greece",Fr.,https://mountathletics.com/sports/mens-water-polo/roster
Mount St. Mary's,,13 Wes Reising,,,"Annapolis, Md.",Sr.,https://mountathletics.com/sports/mens-water-polo/roster
Mount St. Mary's,,14 Andrew Norris,,,"Skyesville, Md.",Gr.,https://mountathletics.com/sports/mens-water-polo/roster
Mount St. Mary's,,15 Carson Owens,,,"Atlanta, Ga.",Fr.,https://mountathletics.com/sports/mens-water-polo/roster
Mount St. Mary's,,16 Aidan Zieger,,,"Timonium, Md.",Sr.,https://mountathletics.com/sports/mens-water-polo/roster
Mount St. Mary's,,17 Ayden Hess,,,"Atlanta, Ga.",Sr.,https://mountathletics.com/sports/mens-water-polo/roster
Mount St. Mary's,,18 C Aaron Tarr,,,"Durban, South Africa",Jr.,https://mountathletics.com/sports/mens-water-polo/roster
Mount St. Mary's,,21 William Matthews,,,"Willow Grove, Pa.",Fr.,https://mountathletics.com/sports/mens-water-polo/roster
Iona,,1 Aleksandar Slavkovic,,6-3,"Belgrade, Serbia",Sr.,https://ionagaels.com/sports/mens-water-polo/roster
Iona,,1A PJ Bartzen,,6-1,"Aurora, IL",So.,https://ionagaels.com/sports/mens-water-polo/roster
Iona,,1B Eric Caplener,,6-2,"Los Gatos, CA",So.,https://ionagaels.com/sports/mens-water-polo/roster
Iona,,1C Kyle Chin Lee,,6-0,"Diego Martin, Trinidad and Tobago",Fr.,https://ionagaels.com/sports/mens-water-polo/roster
Iona,,2 Jayden Arana,,6-0,"Freeport, TX",Jr.,https://ionagaels.com/sports/mens-water-polo/roster
Iona,,3 Zachary McAllister-Sim,,6-6,"Auckland, New Zealand",Jr.,https://ionagaels.com/sports/mens-water-polo/roster
Iona,,4 Pavle Musikic,,6-2,"Belgrade, Serbia",So.,https://ionagaels.com/sports/mens-water-polo/roster
Iona,,5 Kale Arena,,6-0,"Fremantle, Australia",Fr.,https://ionagaels.com/sports/mens-water-polo/roster
Iona,,6 Zayden Garner,,6-1,"Altamonte Springs, FL",Fr.,https://ionagaels.com/sports/mens-water-polo/roster
Iona,,7 Carter Williamson,,5-11,"El Segundo, CA",Fr.,https://ionagaels.com/sports/mens-water-polo/roster
Iona,,8 Matthew Mischlich,,6-0,"Houston, TX",Sr.,https://ionagaels.com/sports/mens-water-polo/roster
Iona,,9 Toni Vlasic,,6-1,"Pembroke Pines, FL",Fr.,https://ionagaels.com/sports/mens-water-polo/roster
Iona,,10 Luka Nastic,,6-1,"Chicago, IL",Gr.,https://ionagaels.com/sports/mens-water-polo/roster
Iona,,11 Brett Grady,,6-1,"Naperville, IL",So.,https://ionagaels.com/sports/mens-water-polo/roster
Iona,,12 Hugh Coyle,,6-2,"Annapolis, MD",So.,https://ionagaels.com/sports/mens-water-polo/roster
Iona,,13 Coby Scanlon,,6-3,"Orlando, FL",Sr.,https://ionagaels.com/sports/mens-water-polo/roster
Iona,,14 John Barrett,,6-3,"Phoenix, MD",So.,https://ionagaels.com/sports/mens-water-polo/roster
Iona,,15 Samson Williams,,6-5,"Camarillo, CA",Fr.,https://ionagaels.com/sports/mens-water-polo/roster
Iona,,16 Roberto Perez-Puente,,5-10,"San Antonio, TX",So.,https://ionagaels.com/sports/mens-water-polo/roster
Iona,,17 Edward Imm,,6-0,"Cincinnati, OH",Gr.,https://ionagaels.com/sports/mens-water-polo/roster
Iona,,18 Ryan Tannus,,6-2,"Orlando, FL",So.,https://ionagaels.com/sports/mens-water-polo/roster
Iona,,21 Colin Minehan,,5-11,"Gwynedd Valley, PA",Fr.,https://ionagaels.com/sports/mens-water-polo/roster
Iona,,22 Daniel Raz,,6-2,"Winter Garden, FL",So.,https://ionagaels.com/sports/mens-water-polo/roster
Iona,,23 Rastko Jevdjovic,,6-3,"Belgrade, Serbia",Sr.,https://ionagaels.com/sports/mens-water-polo/roster
Iona,,24 Jakob Villasenor,,5-10,"Pomona, CA",Fr.,https://ionagaels.com/sports/mens-water-polo/roster
LIU,,1 Manuel Diez Teran,,6-0,"Madrid, Spain",Gr.,https://www.liuathletics.com/sports/mens-water-polo/roster
LIU,,1A Llewyn Thurston,,6-4,"Perth, Western Australia, Australia",So.,https://www.liuathletics.com/sports/mens-water-polo/roster
LIU,,1B Weston Carballar,,5-10,"Breman, Ga.",Fr.,https://www.liuathletics.com/sports/mens-water-polo/roster
LIU,,1C Aiden Salimi,,6-2,"San Diego, Calif.",Fr.,https://www.liuathletics.com/sports/mens-water-polo/roster
LIU,,2 Logan Morgan,,6-1,"Camarillo, Calif.",Sr.,https://www.liuathletics.com/sports/mens-water-polo/roster
LIU,,3 David Shalman,,6-0,"Brooklyn, N.Y.",So.,https://www.liuathletics.com/sports/mens-water-polo/roster
LIU,,4 Lucas Ramirez,,5-11,"Huntington Beach, Calif.",Fr.,https://www.liuathletics.com/sports/mens-water-polo/roster
LIU,,5 Jack French,,5-11,"Brisbane, Australia",So.,https://www.liuathletics.com/sports/mens-water-polo/roster
LIU,,6 Edward Carpenter,,6-2,"Bedford, England",Fr.,https://www.liuathletics.com/sports/mens-water-polo/roster
LIU,,7 Charlie Downey,,6-3,"Sherman Oaks, Calif.",Sr.,https://www.liuathletics.com/sports/mens-water-polo/roster
LIU,,8 Logan Baumann,,5-10,"Thousand Oaks, Calif.",Fr.,https://www.liuathletics.com/sports/mens-water-polo/roster
LIU,,9 Derek Hanel,,6-4,"San Jose, Calif.",Sr.,https://www.liuathletics.com/sports/mens-water-polo/roster
LIU,,10 Francisco de Zengotita Rodriguez,,6-3,"Guaynabo, Puerto Rico",Fr.,https://www.liuathletics.com/sports/mens-water-polo/roster
LIU,,11 Blake Duggan,,6-2,"San Antonio, Texas",Fr.,https://www.liuathletics.com/sports/mens-water-polo/roster
LIU,,12 Dylan Rothenberg,,6-1,"Costa Mesa, Calif.",Fr.,https://www.liuathletics.com/sports/mens-water-polo/roster
LIU,,13 Mark Malamud,,5-10,"Brooklyn, N.Y.",Fr.,https://www.liuathletics.com/sports/mens-water-polo/roster
LIU,,14 Ben Livak,,6-0,"Chesterfield, Mo.",So.,https://www.liuathletics.com/sports/mens-water-polo/roster
LIU,,15 Anthony Gauna,,6-3,"Lodi, Calif.",Jr.,https://www.liuathletics.com/sports/mens-water-polo/roster
LIU,,16 Maddex Thornton,,5-9,"Henderson, Nev.",Fr.,https://www.liuathletics.com/sports/mens-water-polo/roster
LIU,,17 Aku Kaukinen,,6-4,"Turku, Finland",Fr.,https://www.liuathletics.com/sports/mens-water-polo/roster
UC Merced,,1 Matthew Lloyd,,6-8,"Napa, CA",Jr.,https://ucmercedbobcats.com/sports/mens-water-polo/roster
UC Merced,,1A Ethan Stocker,,6-1,"Mildenhall, United Kingdom",Jr.,https://ucmercedbobcats.com/sports/mens-water-polo/roster
UC Merced,,1B Jacob Henshaw,,6-4,"Capitola, CA",Fr.,https://ucmercedbobcats.com/sports/mens-water-polo/roster
UC Merced,,2 Christopher Bettencourt,,6-1,"Atwater, CA",Jr.,https://ucmercedbobcats.com/sports/mens-water-polo/roster
UC Merced,,3 Andrew Jones,,6-0,"Temple City, Calif.",Jr.,https://ucmercedbobcats.com/sports/mens-water-polo/roster
UC Merced,,4 Evan Ladeairous,,6-2,"Fresno, CA",Jr.,https://ucmercedbobcats.com/sports/mens-water-polo/roster
UC Merced,,5 Jakee Chacon,,5-10,"Stockton, CA",Jr.,https://ucmercedbobcats.com/sports/mens-water-polo/roster
UC Merced,,6 Noah Hernandez,,5-10,"Oxnard, CA",Jr.,https://ucmercedbobcats.com/sports/mens-water-polo/roster
UC Merced,,7 James Soto,,6-2,"Huntington Beach, CA",Jr.,https://ucmercedbobcats.com/sports/mens-water-polo/roster
UC Merced,,9 Jacob Hernandez,,5-11,"Oxnard, CA",Fr.,https://ucmercedbobcats.com/sports/mens-water-polo/roster
UC Merced,,10 Aydann Hambruch,,5-8,"Huntington Beach, CA",Sr.,https://ucmercedbobcats.com/sports/mens-water-polo/roster
UC Merced,,11 Matthew King,,6-1,"Merced, CA",Fr.,https://ucmercedbobcats.com/sports/mens-water-polo/roster
UC Merced,,12 Hayden Markell,,6-4,"Gresham, OR",So.,https://ucmercedbobcats.com/sports/mens-water-polo/roster
UC Merced,,13 Vincent Labonte,,6-3,"Westminster, CA",Sr.,https://ucmercedbobcats.com/sports/mens-water-polo/roster
UC Merced,,14 Misha Golovatyi,,6-0,"Mountain View, CA",So.,https://ucmercedbobcats.com/sports/mens-water-polo/roster
UC Merced,,15 Mathias McCarthy,,6-2,"Santa Rosa, CA",Fr.,https://ucmercedbobcats.com/sports/mens-water-polo/roster
UC Merced,,16 Weston Oliver,,6-4,"Camarillo, CA",Fr.,https://ucmercedbobcats.com/sports/mens-water-polo/roster
UC Merced,,17 Christian Soto,,6-2,"Huntington Beach, CA",Fr.,https://ucmercedbobcats.com/sports/mens-water-polo/roster
UC Merced,,18 Bennett Misirli,,6-6,"Cameron Park, CA",Fr.,https://ucmercedbobcats.com/sports/mens-water-polo/roster
UC Merced,,19 Roman Montalvo,,5-8,"Castro Valley, CA",So.,https://ucmercedbobcats.com/sports/mens-water-polo/roster
UC Merced,,20 Patrick Jones,,5-9,"Temple City, Calif.",Fr.,https://ucmercedbobcats.com/sports/mens-water-polo/roster
UC Merced,,21 Christopher Mouchmouchian,,6-0,"Reseda, CA",So.,https://ucmercedbobcats.com/sports/mens-water-polo/roster
UC Merced,,22 Brayden Shively,,5-9,"Turlock, CA",Fr.,https://ucmercedbobcats.com/sports/mens-water-polo/roster
UC Merced,,23 Mason Lindstrom,,6-2,"Ladera Ranch, CA",Fr.,https://ucmercedbobcats.com/sports/mens-water-polo/roster
UC Merced,,Tommy Bauer,,6-3,"Mission Viejo, CA",Jr.,https://ucmercedbobcats.com/sports/mens-water-polo/roster
UC Merced,,Camden Peterson,,5-10,"Irvine, CA",Jr.,https://ucmercedbobcats.com/sports/mens-water-polo/roster
Fresno Pacific,,1 Chase Hammes,,6-0,"Sanger, Calif.",Jr.,https://fpusunbirds.com/sports/mens-water-polo/roster
Fresno Pacific,,1a Ben Brockmeier,,6-1,"San Antonio, Texas",Fr.,https://fpusunbirds.com/sports/mens-water-polo/roster
Fresno Pacific,,1b Ben Rapley,,5-11,"Auckland, New Zealand",Fr.,https://fpusunbirds.com/sports/mens-water-polo/roster
Fresno Pacific,,2 Blake Johnson,,5-11,"Lake Elsinore, Calif.",Sr.,https://fpusunbirds.com/sports/mens-water-polo/roster
Fresno Pacific,,3 Jake Canales,,5-11,"Boerne, Texas",So.,https://fpusunbirds.com/sports/mens-water-polo/roster
Fresno Pacific,,4 Samuel Ramos,,5-11,"Hayward, Calif.",Sr.,https://fpusunbirds.com/sports/mens-water-polo/roster
Fresno Pacific,,5 Joey Brocar,,6-4,"Skokie, Ill.",Jr.,https://fpusunbirds.com/sports/mens-water-polo/roster
Fresno Pacific,,6 Forrest Gray,,6-0,"Milpitas, Calif.",Sr.,https://fpusunbirds.com/sports/mens-water-polo/roster
Fresno Pacific,,7 Luke Young,,5-11,"Kingsburg, Calif.",So.,https://fpusunbirds.com/sports/mens-water-polo/roster
Fresno Pacific,,8 Matthew Dillsaver,,5-10,"Atwater, Calif.",Fr.,https://fpusunbirds.com/sports/mens-water-polo/roster
Fresno Pacific,,9 Nathaniel Tuell,,5-7,"Clovis, Calif.",Fr.,https://fpusunbirds.com/sports/mens-water-polo/roster
Fresno Pacific,,10 Colton Parks,,6-2,"Fresno, Calif.",Fr.,https://fpusunbirds.com/sports/mens-water-polo/roster
Fresno Pacific,,11 Jimmy Johnston,,5-9,"Fresno, Calif.",Fr.,https://fpusunbirds.com/sports/mens-water-polo/roster
Fresno Pacific,,12 Tristin Fox,,6-4,"Troutdale, Oregon",So.,https://fpusunbirds.com/sports/mens-water-polo/roster
Fresno Pacific,,17 Jordan Lambert,,6-7,"Wood Village, Oregon",So.,https://fpusunbirds.com/sports/mens-water-polo/roster
Fresno Pacific,,18 Christian Clark,,6-5,"Lake Elsinore, Calif.",Sr.,https://fpusunbirds.com/sports/mens-water-polo/roster
Fresno Pacific,,24 Chris Sandino,,5-8,"Fresno, Calif.",So.,https://fpusunbirds.com/sports/mens-water-polo/roster
Fresno Pacific,,Jordan Gonzales,,6-2,"Fresno, Calif.",Rf.,https://fpusunbirds.com/sports/mens-water-polo/roster
Fresno Pacific,,Jonah Mutchler,,6-0,"Turlock, Calif.",Rf.,https://fpusunbirds.com/sports/mens-water-polo/roster
Connecticut College,,1 Artem Kyselov,,6-4,"Dnipro, Ukraine",So.,https://camelathletics.com/sports/mens-water-polo/roster
Connecticut College,,1A C Sebastian Parilov,,5-11,"Brooklyn, N.Y.",Sr.,https://camelathletics.com/sports/mens-water-polo/roster
Connecticut College,,1B Isaac Merwin,,6-1,"Houston, Texas",Sr.,https://camelathletics.com/sports/mens-water-polo/roster
Connecticut College,,3 Paul Podrebarac,,6-3,"Friendswood, Texas",So.,https://camelathletics.com/sports/mens-water-polo/roster
Connecticut College,,4 C Carson Neidert,,5-11,"West Palm Beach, Fla.",Sr.,https://camelathletics.com/sports/mens-water-polo/roster
Connecticut College,,6 Jeffrey Harrington,,6-3,"San Diego, Calif.",Jr.,https://camelathletics.com/sports/mens-water-polo/roster
Connecticut College,,7 Thomas McDonough,,6-1,"Thousand Oaks, Calif.",So.,https://camelathletics.com/sports/mens-water-polo/roster
Connecticut College,,8 Kale Halfacre,,5-11,"Aurora, Colo.",Fr.,https://camelathletics.com/sports/mens-water-polo/roster
Connecticut College,,9 Keegan Kosiba,,6-2,"Birmingham, Mich.",So.,https://camelathletics.com/sports/mens-water-polo/roster
Connecticut College,,10 Topher Cook,,5-9,"West Palm Beach, Fl.",Fr.,https://camelathletics.com/sports/mens-water-polo/roster
Connecticut College,,11 Augie Loredo,,5-10,"Houston, Texas",So.,https://camelathletics.com/sports/mens-water-polo/roster
Connecticut College,,12 C Matthew Maischoss,,6-1,"Malibu, Calif.",Sr.,https://camelathletics.com/sports/mens-water-polo/roster
Connecticut College,,13 Ethan Hipsky,,6-2,"Glastonbury, Conn.",Jr.,https://camelathletics.com/sports/mens-water-polo/roster
Connecticut College,,14 C Jesse Ellis,,6-3,"Fresno, Calif.",Jr.,https://camelathletics.com/sports/mens-water-polo/roster
Connecticut College,,15 Brevin Master,,5-10,"Burlingame, Calif.",Sr.,https://camelathletics.com/sports/mens-water-polo/roster
Connecticut College,,16 Graham Stuart,,5-10,"Carlisle, Mass.",Sr.,https://camelathletics.com/sports/mens-water-polo/roster
Connecticut College,,18 Cully MacPherson,,6-6,"Brooklyn, N.Y.",Sr.,https://camelathletics.com/sports/mens-water-polo/roster
Connecticut College,,19 Adam Teryek,,5-6,"Hillsborough, N.J.",Sr.,https://camelathletics.com/sports/mens-water-polo/roster
Connecticut College,,20 Zach Dixon,,5-10,"Wayne, Pa.",Fr.,https://camelathletics.com/sports/mens-water-polo/roster
Washington & Jefferson,,1 Layne Evans,,,"Houston, Texas",Fr.,https://gopresidents.com/sports/mens-water-polo/roster
Washington & Jefferson,,1 Jonah Richardson,,,"Deerfield, Ill.",Fr.,https://gopresidents.com/sports/mens-water-polo/roster
Washington & Jefferson,,1A Andrew Rippke,,,"Perrysburg, Ohio",So.,https://gopresidents.com/sports/mens-water-polo/roster
Washington & Jefferson,,2 Ciro Pro,,,"Chicago, Ill.",Fr.,https://gopresidents.com/sports/mens-water-polo/roster
Washington & Jefferson,,3 Brody Souder,,,"Mechanicsburg, Pa.",So.,https://gopresidents.com/sports/mens-water-polo/roster
Washington & Jefferson,,6 Joseph Aranda,,,"Albuquerque, N.M.",So.,https://gopresidents.com/sports/mens-water-polo/roster
Washington & Jefferson,,10 Hector Santaella,,,"Key Biscayne, Fla.",So.,https://gopresidents.com/sports/mens-water-polo/roster
Washington & Jefferson,,11/1 C Timothy Deutsch,,,"Hazleton, Pa.",Jr.,https://gopresidents.com/sports/mens-water-polo/roster
Washington & Jefferson,,12 Topher Mitchell,,,"Annapolis, Md.",Fr.,https://gopresidents.com/sports/mens-water-polo/roster
Washington & Jefferson,,13 Dillon Parker,,,"Nipomo, Calif.",Jr.,https://gopresidents.com/sports/mens-water-polo/roster
Washington & Jefferson,,17 C Aidan Miller,,,"Grove City, Ohio",Sr.,https://gopresidents.com/sports/mens-water-polo/roster
Washington & Jefferson,,18 Adam Brock,,,"Cypress, Texas",Jr.,https://gopresidents.com/sports/mens-water-polo/roster
Washington & Jefferson,,20 Parker Elliott,,,"Pennsburg, Pa.",So.,https://gopresidents.com/sports/mens-water-polo/roster
Washington & Jefferson,,Connor Tuegel,,,"Libertyville, Ill.",Fr.,https://gopresidents.com/sports/mens-water-polo/roster
Wheaton (MA),,1 Dylan Boccali,,5-9,"Camarillo, Calif.",So.,https://wheatoncollegelyons.com/sports/mens-water-polo/roster
Wheaton (MA),,1A/20 Nic Boyer,,6-1,"Toledo, Ohio",Fy.,https://wheatoncollegelyons.com/sports/mens-water-polo/roster
Wheaton (MA),,2 Spyros Rapsomanikis,,6-0,"Kerkyra, Greece",So.,https://wheatoncollegelyons.com/sports/mens-water-polo/roster
Wheaton (MA),,4 Connor Tompkins,,6-1,"Oakley, Calif.",Jr.,https://wheatoncollegelyons.com/sports/mens-water-polo/roster
Wheaton (MA),,5 Bray Turner,,6-2,"Forney, Texas",Fy.,https://wheatoncollegelyons.com/sports/mens-water-polo/roster
Wheaton (MA),,6 Ayden Guess,,5-4,"Alvin, Texas",Fy.,https://wheatoncollegelyons.com/sports/mens-water-polo/roster
Wheaton (MA),,7 Jack Ruggiero,,5-7,"Hamden, Conn.",So.,https://wheatoncollegelyons.com/sports/mens-water-polo/roster
Wheaton (MA),,8 Austin Honeycutt,,5-8,"Hollister, Calif.",Fy.,https://wheatoncollegelyons.com/sports/mens-water-polo/roster
Wheaton (MA),,9 Hudson Kosiba,,6-0,"Birmingham, Mich.",Fy.,https://wheatoncollegelyons.com/sports/mens-water-polo/roster
Wheaton (MA),,10 Josh Vander Wagen,,5-11,"Brookfield, Ill.",So.,https://wheatoncollegelyons.com/sports/mens-water-polo/roster
Wheaton (MA),,11 Aziz Abdulaziz,,6-2,"Istanbul, Turkey",Sr.,https://wheatoncollegelyons.com/sports/mens-water-polo/roster
Wheaton (MA),,12 Gavin Johnson,,6-3,"Pasadena, Calif.",Fy.,https://wheatoncollegelyons.com/sports/mens-water-polo/roster
Wheaton (MA),,13 Jared Safren,,5-8,"Antigua, Guatemala",So.,https://wheatoncollegelyons.com/sports/mens-water-polo/roster
Wheaton (MA),,14 Michael Ruemelin,,6-4,"Chicago, Ill.",So.,https://wheatoncollegelyons.com/sports/mens-water-polo/roster
Wheaton (MA),,15 Charles Jacoby,,6-1,"Reading, Pa.",Fy.,https://wheatoncollegelyons.com/sports/mens-water-polo/roster
Wheaton (MA),,21 Jackson Kesserman,,5-10,"Buena Park, Calif.",Fy.,https://wheatoncollegelyons.com/sports/mens-water-polo/roster
Augustana (IL),,1 Declan Hutton,,6-10,"Bedfordview, South Africa",Sr.,https://athletics.augustana.edu/sports/mens-water-polo/roster
Augustana (IL),,1A Lawson Soukup,,,"Chula Vista, Calif.",Fr.,https://athletics.augustana.edu/sports/mens-water-polo/roster
Augustana (IL),,1B Ryan Roth,,,"Liberty Township, Ohio",So.,https://athletics.augustana.edu/sports/mens-water-polo/roster
Augustana (IL),,2 Stevan Rasic,,6-6,"Park Ridge, Ill.",Sr.,https://athletics.augustana.edu/sports/mens-water-polo/roster
Augustana (IL),,3 Alden Brinkmeier,,5-7,"Keller, Texas",Jr.,https://athletics.augustana.edu/sports/mens-water-polo/roster
Augustana (IL),,4 Ben Symington,,6-2,"Canberra, Australia",So.,https://athletics.augustana.edu/sports/mens-water-polo/roster
Augustana (IL),,5 Cole Faux,,6-0,"San Antonio, Texas.",So.,https://athletics.augustana.edu/sports/mens-water-polo/roster
Augustana (IL),,6 Ian Palmroos,,6-0,"San Diego, Calif.",Jr.,https://athletics.augustana.edu/sports/mens-water-polo/roster
Augustana (IL),,7 Chris Bajda,,6-0,"Lombard, Ill.",Jr.,https://athletics.augustana.edu/sports/mens-water-polo/roster
Augustana (IL),,8 James Davis,,6-0,"Cape Town, South Africa",Jr.,https://athletics.augustana.edu/sports/mens-water-polo/roster
Augustana (IL),,9 Rhys Lomax,,6-3,"Johannesburg, South Africa",Jr.,https://athletics.augustana.edu/sports/mens-water-polo/roster
Augustana (IL),,10 Mark Addison,,5-10,"Eads, Tenn.",Sr.,https://athletics.augustana.edu/sports/mens-water-polo/roster
Augustana (IL),,11 Carter Meier,,6-1,"Cincinnati, Ohio",So.,https://athletics.augustana.edu/sports/mens-water-polo/roster
Augustana (IL),,12 Oskar Bannister,,6-0,"Bainbridge Island, Wash.",Sr.,https://athletics.augustana.edu/sports/mens-water-polo/roster
Augustana (IL),,13 Tyler Leslie,,6-2,"Aurora, Ill.",Sr.,https://athletics.augustana.edu/sports/mens-water-polo/roster
Augustana (IL),,16 Wilson Smith,,,"Gallipolis, Ohio",Fr.,https://athletics.augustana.edu/sports/mens-water-polo/roster
Augustana (IL),,17 Uros Ramic,,,"Des Plaines, Ill.",Fr.,https://athletics.augustana.edu/sports/mens-water-polo/roster
Augustana (IL),,19 Mason Landes,,6-3,"Zeeland, Mich.",So.,https://athletics.augustana.edu/sports/mens-water-polo/roster
Augustana (IL),,21 Tyler Steinberg,,,"Arlington Heights, Ill.",Fr.,https://athletics.augustana.edu/sports/mens-water-polo/roster
Augustana (IL),,22 Tristan Hernandez Djukanovic,,,"Madrid, Spain",Fr.,https://athletics.augustana.edu/sports/mens-water-polo/roster
Augustana (IL),,23 Bence Kovacs-Siklosi,,,"Budapest, Hungary",Fr.,https://athletics.augustana.edu/sports/mens-water-polo/roster
Augustana (IL),,24 Ronin Araucto,,,"Irvine, Calif.",Fr.,https://athletics.augustana.edu/sports/mens-water-polo/roster
Augustana (IL),,25 Connor Logan,,,"Spring, Texas",Fr.,https://athletics.augustana.edu/sports/mens-water-polo/roster
Augustana (IL),,30 Trentin Lechleitner,,6-2,"Reading, Pa.",So.,https://athletics.augustana.edu/sports/mens-water-polo/roster
Occidental,,1 Jack Schroeder,,6-6,"Elmhurst, IL",Sr.,https://oxyathletics.com/sports/mens-water-polo/roster
Occidental,,1A Will Garcia,,6-2,"Arcadia, Calif.",So.,https://oxyathletics.com/sports/mens-water-polo/roster
Occidental,,1B Calvin Anderson,,6-6,"Ann Arbor, Mich.",So.,https://oxyathletics.com/sports/mens-water-polo/roster
Occidental,,1C Steven McDonald,,6-0,"Fairfield, CT",Fr.,https://oxyathletics.com/sports/mens-water-polo/roster
Occidental,,1D Tyler Leung,,6-1,"Glencoe, IL",Fr.,https://oxyathletics.com/sports/mens-water-polo/roster
Occidental,,2 Ocean Pogorel,,6-1,"Culver City, Calif.",Sr.,https://oxyathletics.com/sports/mens-water-polo/roster
Occidental,,3 Kevin Castellanos,,5-11,"Chicago, Ill.",So.,https://oxyathletics.com/sports/mens-water-polo/roster
Occidental,,4 Travis Hughes,,6-1,"Corte Madera, CA",Sr.,https://oxyathletics.com/sports/mens-water-polo/roster
Occidental,,5 Atticus Wahab-Holles,,6-3,"Portland, Ore.",So.,https://oxyathletics.com/sports/mens-water-polo/roster
Occidental,,6 Zane Derrod,,6-3,"Chula Vista, Calif.",Jr.,https://oxyathletics.com/sports/mens-water-polo/roster
Occidental,,7 Lars Schubert,,5-9,"Los Gatos, Calif.",Jr.,https://oxyathletics.com/sports/mens-water-polo/roster
Occidental,,8 Jack Davis,,6-5,"Livermore, CA",Jr.,https://oxyathletics.com/sports/mens-water-polo/roster
Occidental,,9 Lucas Washburn,,5-10,"Orinda, Calif.",So.,https://oxyathletics.com/sports/mens-water-polo/roster
Occidental,,10 Max Stone,,6-1,"San Diego, CA",Sr.,https://oxyathletics.com/sports/mens-water-polo/roster
Occidental,,11 Danny Miller,,6-2,"Seattle, Wash.",Jr.,https://oxyathletics.com/sports/mens-water-polo/roster
Occidental,,12 Quin Concannon,,6-1,"Mill Valley, Calif.",So.,https://oxyathletics.com/sports/mens-water-polo/roster
Occidental,,14 Loron Washburn,,6-0,"Orinda, CA",Fr.,https://oxyathletics.com/sports/mens-water-polo/roster
Occidental,,15 Noah Emmitt,,6-2,"Agoura Hills, Calif.",So.,https://oxyathletics.com/sports/mens-water-polo/roster
Occidental,,17 Tait Landswick,,5-8,"La Cañada, CA",Fr.,https://oxyathletics.com/sports/mens-water-polo/roster
Occidental,,18 Vincent Ryser,,6-0,"Seattle, WA",Fr.,https://oxyathletics.com/sports/mens-water-polo/roster
Occidental,,19 Dominic Lopez,,6-0,"Torrance, CA",Fr.,https://oxyathletics.com/sports/mens-water-polo/roster
Occidental,,20 Jake Eulenhoefer,,6-1,"Ventura, Calif.",Jr.,https://oxyathletics.com/sports/mens-water-polo/roster
Occidental,,22 Evan Morisky,,5-8,"Long Beach, CA",Fr.,https://oxyathletics.com/sports/mens-water-polo/roster
Occidental,,23 Patrick Gardner,,6-0,"Miami, FL",Fr.,https://oxyathletics.com/sports/mens-water-polo/roster
Chapman,,1 Jackson Sanders,,6-2,"Albuquerque, N.M.",Sr.,https://athletics.chapman.edu/sports/mens-water-polo/roster
Chapman,,1A Alex Cacos,,6-2,"Palos Verdes Estates, Calif.",So.,https://athletics.chapman.edu/sports/mens-water-polo/roster
Chapman,,1B Oliver Chelsom,,5-10,"Sherman Oaks, Calif.",So.,https://athletics.chapman.edu/sports/mens-water-polo/roster
Chapman,,1C David Yacoub,,5-11,"Lake Forest, Calif.",Fr.,https://athletics.chapman.edu/sports/mens-water-polo/roster
Chapman,,2 Jason Pieracci,,5-10,"Dana Point, Calif.",Sr.,https://athletics.chapman.edu/sports/mens-water-polo/roster
Chapman,,3 Davin Castillo,,5-10,"Upland, Calif.",Jr.,https://athletics.chapman.edu/sports/mens-water-polo/roster
Chapman,,4 Owen Levine,,6-2,"Los Angeles, Calif.",Fr.,https://athletics.chapman.edu/sports/mens-water-polo/roster
Chapman,,5 River Lyon,,6-7,"Pacific Grove, Calif.",Fr.,https://athletics.chapman.edu/sports/mens-water-polo/roster
Chapman,,6 Rylan Takahashi,,5-11,"Lodi, Calif.",Fr.,https://athletics.chapman.edu/sports/mens-water-polo/roster
Chapman,,7 Kosta Radoman,,6-2,"St. Louis, Mo.",Jr.,https://athletics.chapman.edu/sports/mens-water-polo/roster
Chapman,,8 Ian Jones,,6-0,"Villa Park, Calif.",So.,https://athletics.chapman.edu/sports/mens-water-polo/roster
Chapman,,9 Joshua Brown,,6-0,"Thousand Oaks, Calif.",Jr.,https://athletics.chapman.edu/sports/mens-water-polo/roster
Chapman,,10 Steven Rubly,,5-9,"Placentia, Calif.",Jr.,https://athletics.chapman.edu/sports/mens-water-polo/roster
Chapman,,11 Isaac Solberg,,6-2,"Dallas, Texas",Fr.,https://athletics.chapman.edu/sports/mens-water-polo/roster
Chapman,,12 Aka Pietsch,,6-0,"Honolulu, Hawaii",Fr.,https://athletics.chapman.edu/sports/mens-water-polo/roster
Chapman,,13 Daniel Franks,,6-1,"Brea, Calif.",Sr.,https://athletics.chapman.edu/sports/mens-water-polo/roster
Chapman,,14 Matthew Cormican,,6-0,"San Francisco, Calif.",So.,https://athletics.chapman.edu/sports/mens-water-polo/roster
Chapman,,15 Sammy Hendrickson,,5-10,"Redondo Beach, Calif.",Jr.,https://athletics.chapman.edu/sports/mens-water-polo/roster
Chapman,,16 Luke Stiebel,,6-2,"Palos Verdes, Calif",Sr.,https://athletics.chapman.edu/sports/mens-water-polo/roster
Chapman,,17 Nathan Jones,,6-3,"Villa Park, Calif.",Sr.,https://athletics.chapman.edu/sports/mens-water-polo/roster
Chapman,,18 Jack Baker,,6-1,"Palm Desert, Calif.",So.,https://athletics.chapman.edu/sports/mens-water-polo/roster
Chapman,,19 Sahak Abrahamyan,,5-11,"Granada Hills, Calif.",Sr.,https://athletics.chapman.edu/sports/mens-water-polo/roster
Chapman,,20 Jayce Gallegos,,6-2,"Unversity Place, Wash.",Jr.,https://athletics.chapman.edu/sports/mens-water-polo/roster
Chapman,,21 Rylind Butler,,5-10,"Honolulu, Hawaii",Fr.,https://athletics.chapman.edu/sports/mens-water-polo/roster
Chapman,,22 Charles Cain,,6-1,"San Rafael, Calif.",Fr.,https://athletics.chapman.edu/sports/mens-water-polo/roster
Chapman,,23 Weston Hamson,,6-2,"Palos Verdes, Calif.",Fr.,https://athletics.chapman.edu/sports/mens-water-polo/roster
Chapman,,24 Boston Fisher,,6-3,"Carmel, Calif.",Fr.,https://athletics.chapman.edu/sports/mens-water-polo/roster
La Verne,,1 Henry De Luna,,5-11,"Baldwin Park, CA",Jr.,https://leopardathletics.com/sports/mwpolo/roster
La Verne,,1 Caleb Dephouse,,6-5,"South Pasadena, CA",Fr.,https://leopardathletics.com/sports/mwpolo/roster
La Verne,,1 Peyton O'Steen,,6-4,"Rancho Cucamonga, CA",Fr.,https://leopardathletics.com/sports/mwpolo/roster
La Verne,,2 Solomon Smalley,,6-1,"Rancho Cucamonga, CA",Fr.,https://leopardathletics.com/sports/mwpolo/roster
La Verne,,3 Tommy Gibson,,6-0,"Glendora, CA",Jr.,https://leopardathletics.com/sports/mwpolo/roster
La Verne,,4 Jordan Baker,,6-1,"Palm Desert, CA",Jr.,https://leopardathletics.com/sports/mwpolo/roster
La Verne,,5 Josh Lamberton,,6-2,"Baldwin Park, CA",So.,https://leopardathletics.com/sports/mwpolo/roster
La Verne,,6 Nicholas Winsor,,6-1,"Lakeside, CA",Sr.,https://leopardathletics.com/sports/mwpolo/roster
La Verne,,7 Nicolo Buono,,6-0,"Palm Desert, CA",Jr.,https://leopardathletics.com/sports/mwpolo/roster
La Verne,,8 Richard Montanez,,6-2,"Baldwin Park, CA",Jr.,https://leopardathletics.com/sports/mwpolo/roster
La Verne,,9 Timothy Robles,,6-1,Montebello. CA,Jr.,https://leopardathletics.com/sports/mwpolo/roster
La Verne,,12 Jaden Javier,,5-10,"Fremont, CA",Sr.,https://leopardathletics.com/sports/mwpolo/roster
La Verne,,13 Ethan Estephan,,6-0,"San Dimas, CA",Fr.,https://leopardathletics.com/sports/mwpolo/roster
La Verne,,14 William Roby Unkovich,,6-0,"Claremont, CA",Fr.,https://leopardathletics.com/sports/mwpolo/roster
La Verne,,15 Dominic Esparza,,6-0,"El Dorado Hills, CA",Fr.,https://leopardathletics.com/sports/mwpolo/roster
La Verne,,17 Vaughn Freiermuth,,6-2,"Atherton, CA",So.,https://leopardathletics.com/sports/mwpolo/roster
La Verne,,19 Zachariah Barclay,,5-8,"San Diego, CA",Jr.,https://leopardathletics.com/sports/mwpolo/roster
Cal Lutheran,,1 Bo DuBois,,6-3,"Oceanside, CA",Sr.,https://www.clusports.com/sports/mens-water-polo/roster
Cal Lutheran,,1A Jaeger Gonzales,,6-4,"Simi Valley, CA",Jr.,https://www.clusports.com/sports/mens-water-polo/roster
Cal Lutheran,,1B Jacob Taff,,6-2,"Carpinteria, CA",Jr.,https://www.clusports.com/sports/mens-water-polo/roster
Cal Lutheran,,1C Dylan Bassler,,6-3,"Gig Harbor, WA",So.,https://www.clusports.com/sports/mens-water-polo/roster
Cal Lutheran,,2 Max Gerdeman,,6-0,"Carlsbad, CA",So.,https://www.clusports.com/sports/mens-water-polo/roster
Cal Lutheran,,3 Tre Eade,,6-2,"Paso Robles, CA",Sr.,https://www.clusports.com/sports/mens-water-polo/roster
Cal Lutheran,,4 Zachary Isaac,,6-2,"Carpinteria, CA",Sr.,https://www.clusports.com/sports/mens-water-polo/roster
Cal Lutheran,,5 Ethan Guereca,,6-0,"Highland, CA",Jr.,https://www.clusports.com/sports/mens-water-polo/roster
Cal Lutheran,,6 Adam Scrivner,,6-3,"Honolulu, HI",Jr.,https://www.clusports.com/sports/mens-water-polo/roster
Cal Lutheran,,7 Levi Cook,,6-0,"Newbury Park, CA",Jr.,https://www.clusports.com/sports/mens-water-polo/roster
Cal Lutheran,,8 Dylan Villanueva,,5-9,"Newport Beach, CA",So.,https://www.clusports.com/sports/mens-water-polo/roster
Cal Lutheran,,9 Ceasar Nava,,5-10,"Oxnard, CA",Fr.,https://www.clusports.com/sports/mens-water-polo/roster
Cal Lutheran,,10 Nic Mastropoalo,,6-1,"Fresno, CA",Sr.,https://www.clusports.com/sports/mens-water-polo/roster
Cal Lutheran,,11 Merrick Giles,,6-0,"Ventura, CA",So.,https://www.clusports.com/sports/mens-water-polo/roster
Cal Lutheran,,12 Paul Patterson,,6-0,"Camarillo, CA",So.,https://www.clusports.com/sports/mens-water-polo/roster
Cal Lutheran,,13 Brody Swarm,,6-0,"Fullerton, CA",Sr.,https://www.clusports.com/sports/mens-water-polo/roster
Cal Lutheran,,17 Alan Castillo,,6-1,"Hacienda Heights, CA",Jr.,https://www.clusports.com/sports/mens-water-polo/roster
Cal Lutheran,,18 Jude Solis,,5-6,"Diamond Bar, CA",Sr.,https://www.clusports.com/sports/mens-water-polo/roster
Cal Lutheran,,19 Noah Carreon,,5-9,"Rancho Cucamonga, CA",Jr.,https://www.clusports.com/sports/mens-water-polo/roster
Cal Lutheran,,21 Jack Bradbury,,6-4,"La Grange, IL",Sr.,https://www.clusports.com/sports/mens-water-polo/roster
Cal Lutheran,,22 Luke Chang,,5-11,"Portland, OR",Jr.,https://www.clusports.com/sports/mens-water-polo/roster
Cal Lutheran,,23 Alex Fewtrell,,6-3,"Exeter, United Kingdom",So.,https://www.clusports.com/sports/mens-water-polo/roster
Biola,,1 Joshua Dachenhausen,,6-4,"Placentia, CA",Sr.,https://athletics.biola.edu/sports/mens-water-polo/roster
Biola,,1A Cooper Smith,,6-5,"Double Oak, TX",So.,https://athletics.biola.edu/sports/mens-water-polo/roster
Biola,,1B Sebastian Reed,,6-4,"Carpinteria, CA",Fr.,https://athletics.biola.edu/sports/mens-water-polo/roster
Biola,,1C Mason Pellens,,6-5,"Wildomar, CA",Fr.,https://athletics.biola.edu/sports/mens-water-polo/roster
Biola,,1D John Winters,,6-1,"Alta Loma, CA",R-So.,https://athletics.biola.edu/sports/mens-water-polo/roster
Biola,,2 Jacob DeJong,,6-5,"Loomis, CA",So.,https://athletics.biola.edu/sports/mens-water-polo/roster
Biola,,3 Caden Digby,,6-1,"League City, TX",Fr.,https://athletics.biola.edu/sports/mens-water-polo/roster
Biola,,4 Colton Brown,,5-11,"Penryn, Calif.",So.,https://athletics.biola.edu/sports/mens-water-polo/roster
Biola,,5 Ryan Previch,,6-2,"Rancho Cucamonga, CA",Jr.,https://athletics.biola.edu/sports/mens-water-polo/roster
Biola,,6 Adam LaVoy,,6-4,"Houston, TX",Sr.,https://athletics.biola.edu/sports/mens-water-polo/roster
Biola,,7 Koen Vos,,6-2,"Shingle Springs, CA",So.,https://athletics.biola.edu/sports/mens-water-polo/roster
Biola,,8 Kevin Slack,,6-5,"Moreno Valley, CA",So.,https://athletics.biola.edu/sports/mens-water-polo/roster
Biola,,9 Noah Ryznar,,6-2,"Laguna Niguel, CA",Fr.,https://athletics.biola.edu/sports/mens-water-polo/roster
Biola,,10 Gavin McKenzie,,6-1,"Whittier, CA",Gr.,https://athletics.biola.edu/sports/mens-water-polo/roster
Biola,,11 Caleb Hernandez,,6-0,"Morgan Hill, CA",Sr.,https://athletics.biola.edu/sports/mens-water-polo/roster
Biola,,12 Xander Trevitt,,6-4,"Oceanside, CA",Fr.,https://athletics.biola.edu/sports/mens-water-polo/roster
Biola,,13 Brandt McBride,,6-4,"Southlake, TX",So.,https://athletics.biola.edu/sports/mens-water-polo/roster
Biola,,14 Levi Bengelink,,6-2,"Bellevue, WA",Fr.,https://athletics.biola.edu/sports/mens-water-polo/roster
Biola,,15 Isaac Demski,,5-9,"Eastvale, CA",Jr.,https://athletics.biola.edu/sports/mens-water-polo/roster
Biola,,17 Ivan Tkach,,6-0,"Pasadena, CA",Fr.,https://athletics.biola.edu/sports/mens-water-polo/roster
Biola,,18 Nick Murray,,6-1,"Chino Hills, CA",Sr.,https://athletics.biola.edu/sports/mens-water-polo/roster
Biola,,20 Kyle Seifen,,6-2,"Eastvale, CA",R-Jr.,https://athletics.biola.edu/sports/mens-water-polo/roster
Biola,,22 Alec Abrahamian,,6-3,"Glendale, CA",Gr.,https://athletics.biola.edu/sports/mens-water-polo/roster
Biola,,23 Beau Gendron,,6-3,"Visalia, CA",R-Jr.,https://athletics.biola.edu/sports/mens-water-polo/roster
Biola,,24 Jake Burns,,6-3,"San Luis Obispo, Calif.",Sr.,https://athletics.biola.edu/sports/mens-water-polo/roster
Biola,,24 Dean Witt,,5-10,"Irvine, CA",Fr.,https://athletics.biola.edu/sports/mens-water-polo/roster
Pomona-Pitzer,,1 Greg Moore,,,"San Mateo, CA",Jr.,https://sagehens.com/sports/mens-water-polo/roster
Pomona-Pitzer,,1A Leo DiLascia,,,"Greenwich, CT",Fr.,https://sagehens.com/sports/mens-water-polo/roster
Pomona-Pitzer,,1B John Possman,,5-10,"Los Angeles, CA",Jr.,https://sagehens.com/sports/mens-water-polo/roster
Pomona-Pitzer,,1C Justin Topol,,6-4,"Mercer Island, WA",Fr.,https://sagehens.com/sports/mens-water-polo/roster
Pomona-Pitzer,,1D Jacob Shimon,,6-0,"St. Charles, IL",Sr.,https://sagehens.com/sports/mens-water-polo/roster
Pomona-Pitzer,,2 John Shafer,,5-9,"Santa Barbara, CA",Jr.,https://sagehens.com/sports/mens-water-polo/roster
Pomona-Pitzer,,3 Jake Lee,,5-10,"Los Angeles, CA",Fr.,https://sagehens.com/sports/mens-water-polo/roster
Pomona-Pitzer,,4 Hudson Schneider,,5-11,"Portland, OR",Jr.,https://sagehens.com/sports/mens-water-polo/roster
Pomona-Pitzer,,5 Baye Breene,,6-2,"San Francisco, CA",Fr.,https://sagehens.com/sports/mens-water-polo/roster
Pomona-Pitzer,,6 Indigo Lee,,6-2,"Los Gatos, CA",Jr.,https://sagehens.com/sports/mens-water-polo/roster
Pomona-Pitzer,,7 Chase Barman,,5-11,"Portola Valley, CA",Jr.,https://sagehens.com/sports/mens-water-polo/roster
Pomona-Pitzer,,8 Dillon Joyce,,6-0,"San Anselmo, CA",Sr.,https://sagehens.com/sports/mens-water-polo/roster
Pomona-Pitzer,,9 Nico Perna,,6-2,"Redlands, CA",Sr.,https://sagehens.com/sports/mens-water-polo/roster
Pomona-Pitzer,,10 Kai Baker,,5-11,"Los Alamitos, CA",So.,https://sagehens.com/sports/mens-water-polo/roster
Pomona-Pitzer,,11 Darragh Flanders,,6-3,"Santa Monica, CA",So.,https://sagehens.com/sports/mens-water-polo/roster
Pomona-Pitzer,,12 Julian Montoya,,5-10,"Menlo Park, CA",Jr.,https://sagehens.com/sports/mens-water-polo/roster
Pomona-Pitzer,,13 Ryan Kreutzkamp,,6-1,"San Diego, CA",Fr.,https://sagehens.com/sports/mens-water-polo/roster
Pomona-Pitzer,,14 Alden Pfau,,6-1,"San Diego, CA",So.,https://sagehens.com/sports/mens-water-polo/roster
Pomona-Pitzer,,15 Stavros Zografos,,5-9,"Thessaloniki, Greece",So.,https://sagehens.com/sports/mens-water-polo/roster
Pomona-Pitzer,,16 Theo Bass,,6-2,"Southampton, NY",Sr.,https://sagehens.com/sports/mens-water-polo/roster
Pomona-Pitzer,,17 Max Distaso,,5-9,"La Verne, CA",So.,https://sagehens.com/sports/mens-water-polo/roster
Pomona-Pitzer,,18 Conrad Hugar,,6-3,"La Verne, CA",Sr.,https://sagehens.com/sports/mens-water-polo/roster
Pomona-Pitzer,,19 Zach Whitfield,,6-2,"Arroyo Grande, CA",Jr.,https://sagehens.com/sports/mens-water-polo/roster
Pomona-Pitzer,,20 Miles Chiang,,6-2,"Temple City, CA",Jr.,https://sagehens.com/sports/mens-water-polo/roster
Pomona-Pitzer,,21 Emerson LaPorta,,6-1,"Long Beach, CA",Fr.,https://sagehens.com/sports/mens-water-polo/roster
Pomona-Pitzer,,22 Nick Grandinetti,,6-0,"La Jolla, CA",Fr.,https://sagehens.com/sports/mens-water-polo/roster
Pomona-Pitzer,,23 Micah Webber,,5-10,"Bainbridge Island, WA",So.,https://sagehens.com/sports/mens-water-polo/roster
Pomona-Pitzer,,24 Harrison Siegel,,6-0,"Burbank, CA",Fr.,https://sagehens.com/sports/mens-water-polo/roster
Pomona-Pitzer,,25 Tommy Ryan,,6-0,"San Francisco, CA",Jr.,https://sagehens.com/sports/mens-water-polo/roster
Pomona-Pitzer,,26 Dylan Bird,,,,Fr.,https://sagehens.com/sports/mens-water-polo/roster
Pomona-Pitzer,,27 Alex Erickson,,,"Davis, CA",Fr.,https://sagehens.com/sports/mens-water-polo/roster
Pomona-Pitzer,,28 Logan Colman,,5-8,"Seal Beach, CA",So.,https://sagehens.com/sports/mens-water-polo/roster
Pomona-Pitzer,,29 Jaden Winters,,6-4,"Westlake Village, CA",Fr.,https://sagehens.com/sports/mens-water-polo/roster
Pomona-Pitzer,,Chris Childs,,,"Wallingforn, CT",So.,https://sagehens.com/sports/mens-water-polo/roster
Pomona-Pitzer,,Connor Sullivan,,,"Los Gatos, CA",So.,https://sagehens.com/sports/mens-water-polo/roster
Claremont-Mudd-Scripps,,1/1A Chase Campbell,,6-2,"Newport Beach, CA",So.,https://cmsathletics.org/sports/mens-water-polo/roster
Claremont-Mudd-Scripps,,1/1A Liam Luinenburg,,6-1,"Los Altos, CA",Fr.,https://cmsathletics.org/sports/mens-water-polo/roster
Claremont-Mudd-Scripps,,1 Jake Taylor,,6-6,"Menlo Park, CA",Sr.,https://cmsathletics.org/sports/mens-water-polo/roster
Claremont-Mudd-Scripps,,2 Jack Bryant,,6-8,"Newport Beach, CA",Jr.,https://cmsathletics.org/sports/mens-water-polo/roster
Claremont-Mudd-Scripps,,3 Jeffrey Koretz,,6-1,"Studio City, CA",Jr.,https://cmsathletics.org/sports/mens-water-polo/roster
Claremont-Mudd-Scripps,,4 Ivey Gehring,,6-4,"Darien, CT",Sr.,https://cmsathletics.org/sports/mens-water-polo/roster
Claremont-Mudd-Scripps,,5 Thomas Walker,,6-5,"Los Altos, CA",Sr.,https://cmsathletics.org/sports/mens-water-polo/roster
Claremont-Mudd-Scripps,,6 Nelson Harris,,6-1,"Redwood City, CA",Fr.,https://cmsathletics.org/sports/mens-water-polo/roster
Claremont-Mudd-Scripps,,7 Donovan Davidson,,6-1,"Orinda, CA",Sr.,https://cmsathletics.org/sports/mens-water-polo/roster
Claremont-Mudd-Scripps,,8 Asher Engelberg,,6-1,"Sherman Oaks, CA",So.,https://cmsathletics.org/sports/mens-water-polo/roster
Claremont-Mudd-Scripps,,9 Weston Hartel,,6-1,"Newport Beach, CA",Fr.,https://cmsathletics.org/sports/mens-water-polo/roster
Claremont-Mudd-Scripps,,10 Hassen Hove,,6-0,"Menlo Park, CA",Jr.,https://cmsathletics.org/sports/mens-water-polo/roster
Claremont-Mudd-Scripps,,11 Christopher Petrossian,,5-10,"La Canada, CA",Fr.,https://cmsathletics.org/sports/mens-water-polo/roster
Claremont-Mudd-Scripps,,12 Nick Kennedy,,6-3,"Costa Mesa, CA",Jr.,https://cmsathletics.org/sports/mens-water-polo/roster
Claremont-Mudd-Scripps,,13 Luke (Bear) Weigle,,6-1,"Woodside, CA",Sr.,https://cmsathletics.org/sports/mens-water-polo/roster
Claremont-Mudd-Scripps,,14 Calvin Donat,,6-5,"Old Greenwich, CT",Fr.,https://cmsathletics.org/sports/mens-water-polo/roster
Claremont-Mudd-Scripps,,15 Tobias Schoenwald,,5-11,"Miami, FL",So.,https://cmsathletics.org/sports/mens-water-polo/roster
Claremont-Mudd-Scripps,,16 Caiden Titus,,6-3,"Hood River, OR",Fr.,https://cmsathletics.org/sports/mens-water-polo/roster
Claremont-Mudd-Scripps,,20 Gavin Netherton,,5-11,"Newport Beach, CA",Jr.,https://cmsathletics.org/sports/mens-water-polo/roster
Claremont-Mudd-Scripps,,23 Stryker Scales,,6-3,"Kailua, HI",Jr.,https://cmsathletics.org/sports/mens-water-polo/roster
Redlands,,1 Troy Barker,,6-2,"Roseville, Calif.",Jr.,https://goredlands.com/sports/mens-water-polo/roster
Redlands,,1A Nathan Gattorna,,6-1,"Carlsbad, Calif.",Fr.,https://goredlands.com/sports/mens-water-polo/roster
Redlands,,2 Brody Nielsen,,6-1,"Capitola, Calif.",Sr.,https://goredlands.com/sports/mens-water-polo/roster
Redlands,,3 Camilo Solis,,6-2,"Camarillo, Calif.",Fr.,https://goredlands.com/sports/mens-water-polo/roster
Redlands,,4 Tim Jensen,,6-3,"Elmhurst, Ill.",Fr.,https://goredlands.com/sports/mens-water-polo/roster
Redlands,,5 Lennon Franklin,,6-2,"Redlands, Calif.",Jr.,https://goredlands.com/sports/mens-water-polo/roster
Redlands,,6 Jake Simpson,,6-3,"El Cajon, Calif.",Jr.,https://goredlands.com/sports/mens-water-polo/roster
Redlands,,7 Harrison DeCourcy,,6-0,"Alameda, Calif.",Sr.,https://goredlands.com/sports/mens-water-polo/roster
Redlands,,8 Joseph Madigan,,6-4,"Arlington, Va.",So.,https://goredlands.com/sports/mens-water-polo/roster
Redlands,,9 Liam Gore,,6-5,"Glendora, Calif.",So.,https://goredlands.com/sports/mens-water-polo/roster
Redlands,,10 Stephen Ramirez,,5-8,"Pasadena, Calif.",So.,https://goredlands.com/sports/mens-water-polo/roster
Redlands,,11 Noah Tikoo,,5-9,"Oviedo, Fla.",Fr.,https://goredlands.com/sports/mens-water-polo/roster
Redlands,,12 Tanner Stagner,,6-2,"Laguna Niguel, Calif.",Jr.,https://goredlands.com/sports/mens-water-polo/roster
Redlands,,13 Oliver Child,,6-5,"Dana Point, Calif.",Jr.,https://goredlands.com/sports/mens-water-polo/roster
Redlands,,14 Ossie Joplin,,6-1,"Kentfield, Calif.",Fr.,https://goredlands.com/sports/mens-water-polo/roster
Redlands,,15 Adam Lambert,,6-4,"St. Louis, Mo.",Jr.,https://goredlands.com/sports/mens-water-polo/roster
Redlands,,16 Brady Bailey,,5-10,"Ramona, Calif.",Fr.,https://goredlands.com/sports/mens-water-polo/roster
Redlands,,20 Michael Villagran,,5-11,"Glendora, Calif.",So.,https://goredlands.com/sports/mens-water-polo/roster
Redlands,,21 Oliver Finley,,6-5,"Cape Town, South Africa",Jr.,https://goredlands.com/sports/mens-water-polo/roster
Redlands,,22 Sebas Maccalla,,5-11,"Altadena, Calif.",Fr.,https://goredlands.com/sports/mens-water-polo/roster
Redlands,,23 Kalani Nelson,,6-4,"Torrance, Calif.",So.,https://goredlands.com/sports/mens-water-polo/roster
Redlands,,24 Matthew Wheeler,,5-10,"Visalia, Calif.",Jr.,https://goredlands.com/sports/mens-water-polo/roster
MIT,,1 Joshua Woren,,5-11,"Aurora, Colo.",So.,https://mitathletics.com/sports/mens-water-polo/roster
MIT,,1A Armaan Gill,,6-3,"Long Grove, Ill.",So.,https://mitathletics.com/sports/mens-water-polo/roster
MIT,,2 Adam Ivatorov,,6-1,"Rockaway, N.Y.",Sr.,https://mitathletics.com/sports/mens-water-polo/roster
MIT,,3 Jackson Kay,,6-4,"Palo Alto, Calif.",Jr.,https://mitathletics.com/sports/mens-water-polo/roster
MIT,,4 David Keller,,6-2,"Long Beach, Calif.",Sr.,https://mitathletics.com/sports/mens-water-polo/roster
MIT,,5 Caspar Lightner,,6-2,"San Diego, Calif.",Fy.,https://mitathletics.com/sports/mens-water-polo/roster
MIT,,6 Kush Khamesra,,5-10,"Portland, Ore.",Sr.,https://mitathletics.com/sports/mens-water-polo/roster
MIT,,7 Kunal Rajadhyax,,5-10,"Vernon Hills, Ill.",Jr.,https://mitathletics.com/sports/mens-water-polo/roster
MIT,,8 Thomas Ewald,,6-1,"Greenwich, Conn.",So.,https://mitathletics.com/sports/mens-water-polo/roster
MIT,,9 Andras Beleznay,,6-2,"Delray Beach, Fla.",Jr.,https://mitathletics.com/sports/mens-water-polo/roster
MIT,,10 Kieran Kearns,,6-0,"Palos Verdes Estates, Calif.",Jr.,https://mitathletics.com/sports/mens-water-polo/roster
MIT,,11 Rick Lundh,,6-2,"Rancho Santa Fe, Calif.",Jr.,https://mitathletics.com/sports/mens-water-polo/roster
MIT,,12 Nick Soule,,5-11,"San Diego, Calif.",Fy.,https://mitathletics.com/sports/mens-water-polo/roster
MIT,,14 Avi Narula,,5-8,"Atlanta, Ga.",So.,https://mitathletics.com/sports/mens-water-polo/roster
MIT,,17 Derek Schaffer,,5-10,"Redondo Beach, Calif.",So.,https://mitathletics.com/sports/mens-water-polo/roster
MIT,,18 Ethan Kim,,5-8,"Boca Raton, Fla.",Fy.,https://mitathletics.com/sports/mens-water-polo/roster
MIT,,21 David Ranaudo,,5-10,"Miami Lakes, Fla.",Fy.,https://mitathletics.com/sports/mens-water-polo/roster
MIT,,23 Victor Perez,,5-9,"Key Biscayne, Fla.",Jr.,https://mitathletics.com/sports/mens-water-polo/roster
MIT,,25 William Ewald,,6-2,"Greenwich, Conn.",Jr.,https://mitathletics.com/sports/mens-water-polo/roster
